{
    "mat_eigenvals": [
        -9.940818786621094,
        -8.765148162841797,
        -7.885826110839844,
        -7.885826110839844,
        -6.103551387786865,
        -5.767430782318115,
        -5.767430782318115,
        -5.181558609008789,
        -5.181558609008789,
        -4.4326653480529785,
        -4.4326653480529785,
        -3.4621787071228027,
        -3.4621787071228027,
        -2.766587734222412,
        -2.472768783569336,
        -1.9244709014892578,
        -1.556570291519165,
        -1.556570291519165,
        -1.4206089973449707,
        -0.5000000596046448
    ],
    "mean": [
        [
            -0.3638344407081604,
            1.4419885873794556,
            -0.4018900394439697,
            2.7850654125213623,
            1.6636003255844116,
            2.953185558319092,
            0.557085394859314,
            3.8315534591674805,
            -0.5530110597610474,
            2.7809572219848633,
            2.1891236305236816,
            -1.0361372232437134,
            1.0963021516799927,
            -0.724644660949707,
            0.4806685447692871,
            -2.8816120624542236,
            1.9466123580932617,
            -0.8618441224098206,
            -0.12011247873306274,
            1.879635214805603
        ],
        [
            -0.3638344407081604,
            1.4419885873794556,
            -0.4018900394439697,
            6.839514255523682,
            1.6636003255844116,
            2.953185558319092,
            0.557085394859314,
            3.8315534591674805,
            -0.5530110597610474,
            2.7809572219848633,
            2.1891236305236816,
            -1.0361372232437134,
            1.0963021516799927,
            -0.724644660949707,
            0.4806685447692871,
            -7.9775261878967285,
            1.9466123580932617,
            -0.8618441224098206,
            -0.12011247873306274,
            1.879635214805603
        ],
        [
            -0.46426594257354736,
            2.9339444637298584,
            -0.4674926698207855,
            3.787039279937744,
            1.921994924545288,
            3.848837375640869,
            0.5846052169799805,
            4.949926376342773,
            -0.5530110597610474,
            3.5618629455566406,
            3.1140265464782715,
            -1.8785099983215332,
            1.3704147338867188,
            -0.8323268294334412,
            0.7129042744636536,
            -4.140961170196533,
            2.23001766204834,
            -0.9599065780639648,
            -0.12011247873306274,
            2.1330156326293945
        ],
        [
            -0.5520679950714111,
            1.939491629600525,
            -1.0069308280944824,
            4.468127727508545,
            2.0620107650756836,
            3.7910499572753906,
            0.8108949065208435,
            7.832808971405029,
            -0.5530110597610474,
            3.9850120544433594,
            3.054020404815674,
            -1.4384663105010986,
            2.136094093322754,
            -1.1331156492233276,
            0.1559324860572815,
            -4.997001647949219,
            0.6013039946556091,
            -1.2338240146636963,
            -0.12011247873306274,
            2.3545334339141846
        ],
        [
            -0.36206015944480896,
            1.4288221597671509,
            -0.2533702552318573,
            2.4921257495880127,
            1.6605584621429443,
            2.9127743244171143,
            0.4947826564311981,
            3.797006368637085,
            -0.5530110597610474,
            2.771763801574707,
            2.2076778411865234,
            0.9750576615333557,
            1.1270133256912231,
            -0.7367091774940491,
            -0.013950453139841557,
            -2.513424873352051,
            1.912104606628418,
            -0.8728307485580444,
            -0.12011247873306274,
            1.8751592636108398
        ],
        [
            0.6054286360740662,
            -1.0690033435821533,
            -0.18529988825321198,
            -3.1143414974212646,
            0.32385703921318054,
            -1.1664341688156128,
            0.466227650642395,
            -1.3848538398742676,
            -0.5530110597610474,
            -1.2679409980773926,
            -2.4244213104248047,
            1.0486631393432617,
            -0.08105340600013733,
            1.4740043878555298,
            -0.25512802600860596,
            4.533172130584717,
            -0.6235880851745605,
            1.140388011932373,
            -0.12011247873306274,
            -0.5657379627227783
        ],
        [
            -0.9345044493675232,
            1.2046695947647095,
            -0.33053058385849,
            2.3197336196899414,
            1.5215051174163818,
            2.4369375705718994,
            0.5271507501602173,
            2.91711688041687,
            -0.5530110597610474,
            2.351525068283081,
            1.3015360832214355,
            -0.7405623197555542,
            0.9725103974342346,
            -0.6760144233703613,
            0.44845399260520935,
            -2.29675030708313,
            2.9224891662597656,
            -0.8175580501556396,
            -0.12011247873306274,
            3.319390296936035
        ],
        [
            -0.3001611530780792,
            1.3622828722000122,
            -0.29745882749557495,
            1.6626027822494507,
            1.5213775634765625,
            3.009509563446045,
            0.5132774114608765,
            3.617910146713257,
            -0.5530110597610474,
            2.351139783859253,
            1.6174978017807007,
            -0.8771787285804749,
            0.32125675678253174,
            -0.42017650604248047,
            0.36486274003982544,
            -1.4708225727081299,
            1.4036500453948975,
            -0.5845757126808167,
            -0.12011247873306274,
            1.7189927101135254
        ],
        [
            -0.14390194416046143,
            0.510554850101471,
            -0.3277101516723633,
            1.790237545967102,
            1.2275574207305908,
            0.6312835812568665,
            0.525967538356781,
            1.3796004056930542,
            -0.5530110597610474,
            1.4631723165512085,
            2.2816381454467773,
            -0.6564316153526306,
            1.5546897649765015,
            -0.9047172665596008,
            -0.15939129889011383,
            -1.6312434673309326,
            -1.0904372930526733,
            -1.025829792022705,
            -0.12011247873306274,
            1.3247630596160889
        ],
        [
            -2.089991331100464,
            6.901404857635498,
            0.25739431381225586,
            12.069643020629883,
            3.4214978218078613,
            14.077570915222168,
            0.2805212438106537,
            14.616315841674805,
            -0.5530110597610474,
            8.09357738494873,
            7.294182300567627,
            -4.494045257568359,
            6.344159126281738,
            -2.786207914352417,
            1.009405255317688,
            -14.55111312866211,
            2.1896629333496094,
            -2.7392373085021973,
            -0.12011247873306274,
            6.234592437744141
        ],
        [
            -2.005560874938965,
            5.366987228393555,
            -0.3327358067035675,
            10.775751113891602,
            3.6163389682769775,
            11.147685050964355,
            0.5280757546424866,
            12.918747901916504,
            -0.5530110597610474,
            8.682419776916504,
            8.520236015319824,
            -4.102817535400391,
            4.2410688400268555,
            -1.9600319862365723,
            1.3288723230361938,
            -12.924861907958984,
            4.585788726806641,
            -5.479620456695557,
            -0.12011247873306274,
            6.021580219268799
        ]
    ],