{
    "mat_eigenvals": [
        -9.650758743286133,
        -9.05023193359375,
        -9.05023193359375,
        -8.389044761657715,
        -8.389044761657715,
        -7.688057899475098,
        -7.688057899475098,
        -7.07828426361084,
        -6.619489669799805,
        -6.619489669799805,
        -5.936278343200684,
        -4.750373363494873,
        -4.105410575866699,
        -4.105410575866699,
        -3.421985387802124,
        -3.421985387802124,
        -3.3133044242858887,
        -3.3133044242858887,
        -1.1968454122543335,
        -0.5000001788139343
    ],
    "mean": [
        [
            0.5932279825210571,
            -1.4516249895095825,
            0.14024905860424042,
            0.11586664617061615,
            -0.14448732137680054,
            0.818772554397583,
            0.7447188496589661,
            2.37680983543396,
            -2.8983817100524902,
            0.6711124777793884,
            -0.8465984463691711,
            -1.7218387126922607,
            -0.409620076417923,
            -1.2144958972930908,
            0.2548668086528778,
            1.160404086112976,
            -1.2057303190231323,
            -1.0519399642944336,
            -0.8762115836143494,
            -0.3518638610839844
        ],
        [
            0.7380974888801575,
            -1.2453653812408447,
            0.2033979743719101,
            0.1484730839729309,
            -0.34623754024505615,
            0.8601869940757751,
            -0.3000454902648926,
            2.6965415477752686,
            -3.2028555870056152,
            1.0778484344482422,
            -1.093039870262146,
            -1.9065375328063965,
            -0.7442564368247986,
            -1.528171181678772,
            0.24380186200141907,
            1.5537469387054443,
            -1.1105124950408936,
            -1.0112874507904053,
            -0.7942569851875305,
            -0.16394470632076263
        ],
        [
            0.5274665355682373,
            2.160367250442505,
            -1.137405514717102,
            -1.7012296915054321,
            0.7952242493629456,
            -0.2350495606660843,
            0.4343312680721283,
            -5.310049533843994,
            7.611288070678711,
            -0.13063976168632507,
            -0.924504816532135,
            0.9547728896141052,
            -0.7704645395278931,
            3.0390775203704834,
            0.10875821113586426,
            0.5904714465141296,
            -2.7659237384796143,
            -0.603626012802124,
            0.027578605338931084,
            -0.38507986068725586
        ],
        [
            0.5371684432029724,
            -1.1191778182983398,
            0.0667511448264122,
            0.12426253408193588,
            0.11099463701248169,
            0.7168896794319153,
            0.655944287776947,
            1.4167145490646362,
            -1.9841036796569824,
            0.5000250339508057,
            -0.08643846958875656,
            -0.7292538285255432,
            -0.27483028173446655,
            -0.8523529171943665,
            -0.6126341223716736,
            0.9542017579078674,
            -1.1017802953720093,
            -1.0032786130905151,
            -0.7781117558479309,
            -0.34245264530181885
        ],
        [
            0.5131175518035889,
            -3.1286375522613525,
            0.9057018756866455,
            1.4767976999282837,
            -0.8146178722381592,
            1.2888352870941162,
            0.7325748801231384,
            7.645397663116455,
            -7.915546417236328,
            0.9076251983642578,
            -0.5777868032455444,
            -4.084525108337402,
            0.2277699112892151,
            -3.245049476623535,
            0.44027525186538696,
            1.0481960773468018,
            0.012654175981879234,
            -1.2000079154968262,
            -1.1747125387191772,
            -0.041132815182209015
        ],
        [
            0.8082311749458313,
            -2.0770130157470703,
            0.14529924094676971,
            0.2621642053127289,
            -0.19416174292564392,
            1.6755034923553467,
            1.4042010307312012,
            3.727391481399536,
            -4.184511661529541,
            1.210619568824768,
            -1.2766461372375488,
            -1.9814667701721191,
            -1.237481951713562,
            -1.9767986536026,
            0.06401562690734863,
            2.4586338996887207,
            -1.3848117589950562,
            -1.843690276145935,
            -2.4723615646362305,
            -0.5674822926521301
        ],
        [
            0.4472348392009735,
            -1.186498999595642,
            0.4174407720565796,
            0.29910188913345337,
            0.2789212763309479,
            0.6567851901054382,
            0.4527634382247925,
            1.8156933784484863,
            -2.364042282104492,
            0.32233303785324097,
            -0.49413007497787476,
            -1.57954740524292,
            0.07997539639472961,
            -0.9451512694358826,
            0.24804633855819702,
            0.5267550945281982,
            -1.6575087308883667,
            -0.8099517226219177,
            -0.38836920261383057,
            0.8335758447647095
        ],
        [
            -0.6898140907287598,
            -0.21648138761520386,
            0.4204983115196228,
            0.07290132343769073,
            1.1071683168411255,
            0.1532224714756012,
            -0.8789492845535278,
            0.0064892275258898735,
            -0.6411759257316589,
            0.16777756810188293,
            0.6591163277626038,
            -0.4796845018863678,
            1.7028881311416626,
            -0.49999701976776123,
            0.5787510275840759,
            -2.9098408222198486,
            0.27672672271728516,
            -0.7123991250991821,
            -0.1917053908109665,
            -0.05052804946899414
        ],
        [
            0.6662987470626831,
            -2.4897255897521973,
            0.018322443589568138,
            0.05951811745762825,
            -0.021967995911836624,
            1.0103330612182617,
            0.9460233449935913,
            2.7249526977539062,
            -3.2299106121063232,
            0.8211519122123718,
            -0.9836914539337158,
            -1.3292627334594727,
            -0.7130721807479858,
            -1.4154294729232788,
            0.16077570617198944,
            1.565313458442688,
            -1.7535699605941772,
            -1.2777246236801147,
            -1.3313877582550049,
            -0.9004667401313782
        ],
        [
            0.46953874826431274,
            -1.2297964096069336,
            0.586039125919342,
            0.40693026781082153,
            -0.7853690981864929,
            0.6425012350082397,
            0.4240565299987793,
            1.9779810905456543,
            -2.518585681915283,
            0.4950936734676361,
            -0.6508538722991943,
            -1.7771028280258179,
            0.1752520352602005,
            -0.9599950313568115,
            0.5177032351493835,
            0.5069586634635925,
            2.7917330265045166,
            -0.7078602313995361,
            -0.18255531787872314,
            1.5063214302062988
        ],
        [
            -0.5617743730545044,
            0.4238734543323517,
            1.0162427425384521,
            0.3230683207511902,
            0.8615136742591858,
            0.2792656719684601,
            -0.8396531343460083,
            -2.0373404026031494,
            1.305119514465332,
            -0.18427777290344238,
            2.5846240520477295,
            0.17246603965759277,
            5.065437316894531,
            0.36588552594184875,
            0.6072400212287903,
            -2.698869466781616,
            1.681362271308899,
            -0.5134668350219727,
            0.20933739840984344,
            0.7669788599014282
        ]
    ],