{
    "mat_eigenvals": [
        -8.053479194641113,
        -8.053479194641113,
        -7.505880355834961,
        -7.124493598937988,
        -7.124493598937988,
        -6.659585475921631,
        -6.426455497741699,
        -6.1188764572143555,
        -4.264881610870361,
        -3.753237009048462,
        -3.731947898864746,
        -3.04217529296875,
        -2.844708204269409,
        -2.844708204269409,
        -2.617567300796509,
        -2.2169251441955566,
        -2.1653523445129395,
        -1.9830244779586792,
        -1.9830244779586792,
        -0.5000001192092896
    ],
    "mean": [
        [
            -0.10215700417757034,
            -0.2390519231557846,
            -0.07719609141349792,
            1.857831358909607,
            0.15651912987232208,
            0.7042191028594971,
            0.8540077805519104,
            0.29874205589294434,
            0.36500731110572815,
            -0.2222372442483902,
            1.7751755714416504,
            -0.32166069746017456,
            0.1352529674768448,
            0.1384972780942917,
            0.37220728397369385,
            -1.240718960762024,
            1.3183834552764893,
            -2.264862060546875,
            -0.9362142086029053,
            -0.415555864572525
        ],
        [
            0.6782835721969604,
            -0.5540507435798645,
            1.427346110343933,
            -4.041479587554932,
            -2.472754955291748,
            -1.0133366584777832,
            -6.731156349182129,
            0.29874205589294434,
            -3.5912983417510986,
            -0.2222372442483902,
            -5.994379043579102,
            2.4168405532836914,
            -1.311306357383728,
            -4.099524021148682,
            0.37220728397369385,
            4.182443618774414,
            -2.7551767826080322,
            0.4827975034713745,
            5.922755718231201,
            0.2887662649154663
        ],
        [
            -0.892210841178894,
            -0.002498991321772337,
            -0.0981002002954483,
            7.508588790893555,
            1.346022605895996,
            0.5810303092002869,
            3.0214321613311768,
            0.29874205589294434,
            1.942535161972046,
            -0.2222372442483902,
            7.062521457672119,
            -1.3362810611724854,
            0.7741718292236328,
            3.5257160663604736,
            0.37220728397369385,
            -4.931294918060303,
            4.0905280113220215,
            -4.134702205657959,
            -6.386261463165283,
            -0.7341964840888977
        ],
        [
            -0.002740835538133979,
            -0.4135288894176483,
            0.34267657995224,
            -0.9679014086723328,
            -2.580881118774414,
            -2.553079843521118,
            -1.4244349002838135,
            0.29874205589294434,
            -0.8525803685188293,
            -0.2222372442483902,
            -3.421543836593628,
            -0.5354203581809998,
            -0.6302720308303833,
            -1.8750118017196655,
            0.37220728397369385,
            2.3866000175476074,
            -1.4062449932098389,
            -0.42707139253616333,
            2.3746657371520996,
            0.31773078441619873
        ],
        [
            0.4396926760673523,
            -0.26480773091316223,
            -0.11669830232858658,
            3.840872049331665,
            1.7812801599502563,
            0.6139343976974487,
            3.924032211303711,
            0.29874205589294434,
            2.5381696224212646,
            -0.2222372442483902,
            9.255390167236328,
            -1.726975440979004,
            1.042576789855957,
            4.637823104858398,
            0.37220728397369385,
            -6.4619221687316895,
            5.240244388580322,
            -4.91019868850708,
            -3.632448673248291,
            -0.8507921695709229
        ],
        [
            0.16943219304084778,
            -0.24139884114265442,
            -0.06770491600036621,
            -0.0963582843542099,
            -0.24511167407035828,
            0.7284846901893616,
            0.09785196185112,
            0.29874205589294434,
            -0.17172540724277496,
            -1.4126110076904297,
            -0.06743934005498886,
            0.025239214301109314,
            -0.08816726505756378,
            -0.9768882393836975,
            0.37220728397369385,
            0.045429471880197525,
            0.3523046374320984,
            -1.6132316589355469,
            0.9517989158630371,
            -0.6843043565750122
        ],
        [
            -2.246168613433838,
            0.2244977205991745,
            -0.06355094909667969,
            3.589683771133423,
            0.19443738460540771,
            0.5983625054359436,
            0.7799623608589172,
            0.29874205589294434,
            0.3912526071071625,
            -0.2222372442483902,
            1.6062911748886108,
            -0.328607439994812,
            0.11037470400333405,
            0.4129060208797455,
            0.37220728397369385,
            -1.1228373050689697,
            1.2298376560211182,
            -2.205137252807617,
            -0.8286163210868835,
            -0.42571330070495605
        ],
        [
            -0.34502264857292175,
            -0.15125174820423126,
            -2.28493332862854,
            2.3108692169189453,
            0.7918907403945923,
            1.007468819618225,
            2.5299830436706543,
            0.29874205589294434,
            1.2946892976760864,
            -0.2222372442483902,
            3.8728251457214355,
            -0.9555706977844238,
            1.1463795900344849,
            1.3451815843582153,
            0.37220728397369385,
            -2.7048816680908203,
            2.4181768894195557,
            -3.006683826446533,
            -2.8851873874664307,
            -0.5857574343681335
        ],
        [
            -0.12045068293809891,
            -0.24712130427360535,
            -0.15445727109909058,
            2.3777971267700195,
            -0.05818057432770729,
            1.3035978078842163,
            1.2732658386230469,
            0.29874205589294434,
            0.21640178561210632,
            -0.2222372442483902,
            2.731428861618042,
            -0.2823265492916107,
            0.27611786127090454,
            -1.4152528047561646,
            0.37220728397369385,
            -1.9081847667694092,
            1.8197448253631592,
            -2.6030352115631104,
            -1.5454522371292114,
            -0.35804274678230286
        ],
        [
            -0.10995505750179291,
            -1.357882022857666,
            -0.11013022810220718,
            2.079477071762085,
            0.06499910354614258,
            0.9597162008285522,
            1.0327249765396118,
            0.29874205589294434,
            0.30166131258010864,
            -0.2222372442483902,
            2.1827971935272217,
            -0.3048936724662781,
            0.19529947638511658,
            -0.523819625377655,
            0.37220728397369385,
            -1.5252395868301392,
            1.5320987701416016,
            -2.409015655517578,
            -1.1959141492843628,
            -0.39103975892066956
        ],
        [
            -0.05035337805747986,
            -0.17388005554676056,
            -0.07347023487091064,
            1.4753761291503906,
            0.0859546810388565,
            0.6938228011131287,
            0.7005687952041626,
            -1.1594501733779907,
            0.26724833250045776,
            -0.2222372442483902,
            1.4029074907302856,
            -0.2570594847202301,
            -0.2570095360279083,
            -0.033533450216054916,
            0.37220728397369385,
            -0.9808752536773682,
            1.1232041120529175,
            -2.133211851119995,
            -0.5640382766723633,
            -0.7811479568481445
        ]
