{
    "mat_eigenvals": [
        -8.725447654724121,
        -8.725447654724121,
        -7.432546615600586,
        -7.164588928222656,
        -6.923770427703857,
        -6.501219272613525,
        -5.539950370788574,
        -4.449095249176025,
        -4.449095249176025,
        -3.7041919231414795,
        -3.7041919231414795,
        -3.1142959594726562,
        -2.693246364593506,
        -2.693246364593506,
        -2.1216535568237305,
        -1.481926441192627,
        -0.9980941414833069,
        -0.9980941414833069,
        -0.5000001192092896,
        -0.5000001192092896
    ],
    "mean": [
        [
            -0.4794791340827942,
            -0.6216955780982971,
            0.2655795216560364,
            0.07478579878807068,
            0.15535850822925568,
            -1.008235216140747,
            -0.5374915599822998,
            0.16577425599098206,
            -0.8849430680274963,
            1.0526255369186401,
            1.0862833261489868,
            -0.7115644812583923,
            0.7027786374092102,
            0.4159785807132721,
            1.2076425552368164,
            0.012653744779527187,
            1.077717661857605,
            -0.6303330063819885,
            -0.6547724604606628,
            0.31320106983184814
        ],
        [
            66.7613296508789,
            12.244941711425781,
            -4.146692276000977,
            0.07478579878807068,
            -15.981148719787598,
            18.01534652709961,
            20.750028610229492,
            -11.45555591583252,
            -0.8849430680274963,
            -13.953060150146484,
            -42.739498138427734,
            8.049842834472656,
            -14.073210716247559,
            6.388211250305176,
            -30.839431762695312,
            4.284348011016846,
            -10.774356842041016,
            7.44855260848999,
            13.457342147827148,
            0.31320106983184814
        ],
        [
            1.2483468055725098,
            -0.42199844121932983,
            0.22330619394779205,
            0.07478579878807068,
            -0.35303589701652527,
            -1.6538408994674683,
            0.27467936277389526,
            -0.5598096251487732,
            -0.8849430680274963,
            0.8907586932182312,
            0.22430108487606049,
            0.022450963035225868,
            1.2042330503463745,
            0.21329808235168457,
            1.199089527130127,
            0.20713664591312408,
            0.3077297806739807,
            -0.6700153946876526,
            -0.21015824377536774,
            0.31320106983184814
        ],
        [
            -5.876101493835449,
            -0.8801592588424683,
            0.24616195261478424,
            0.07478579878807068,
            1.662203073501587,
            -1.789520263671875,
            -2.991132974624634,
            0.8779522776603699,
            -0.8849430680274963,
            1.4977946281433105,
            0.43148913979530334,
            -1.895800232887268,
            1.3096179962158203,
            0.17070314288139343,
            3.3999905586242676,
            -0.10760124772787094,
            0.3396778702735901,
            -0.71711665391922,
            -1.9725770950317383,
            0.31320106983184814
        ],
        [
            10.899171829223633,
            1.5556272268295288,
            -0.48107558488845825,
            0.07478579878807068,
            -2.5752999782562256,
            2.210980176925659,
            3.0648326873779297,
            -1.8008146286010742,
            -0.8849430680274963,
            -1.4866721630096436,
            -6.330020427703857,
            0.7710618376731873,
            -1.7976493835449219,
            1.4266138076782227,
            -4.215440273284912,
            0.73552006483078,
            -0.9279186725616455,
            -0.5245106816291809,
            1.7333130836486816,
            0.31320106983184814
        ],
        [
            2.2008280754089355,
            -0.31034567952156067,
            0.15168212354183197,
            0.07478579878807068,
            -0.14646431803703308,
            -0.9556745886802673,
            0.27287858724594116,
            -0.7413952946662903,
            -0.8849430680274963,
            -0.5175809860229492,
            -0.27919673919677734,
            -0.436127632856369,
            0.6619536280632019,
            0.4324793219566345,
            0.8520875573158264,
            0.15779756009578705,
            0.42406654357910156,
            -0.48380473256111145,
            -0.39081457257270813,
            0.31320106983184814
        ],
        [
            -31.42951011657715,
            -6.793597221374512,
            2.4320247173309326,
            0.07478579878807068,
            7.404071807861328,
            -11.926945686340332,
            -9.830397605895996,
            4.701058387756348,
            -0.8849430680274963,
            8.385984420776367,
            21.76224136352539,
            -7.430527687072754,
            9.183554649353027,
            -3.011824369430542,
            17.511863708496094,
            -1.7920644283294678,
            5.645870685577393,
            -4.820283889770508,
            -6.99410343170166,
            0.31320106983184814
        ],
        [
            5.587029457092285,
            0.29948198795318604,
            0.01450404990464449,
            0.07478579878807068,
            -1.7094039916992188,
            0.5931831002235413,
            3.3935561180114746,
            -2.3306243419647217,
            -0.8849430680274963,
            -0.1079210713505745,
            -1.1304726600646973,
            0.520528256893158,
            -0.5410746335983276,
            0.9187251925468445,
            -2.0157203674316406,
            0.3391460180282593,
            0.8147374987602234,
            -0.09722467511892319,
            0.976047933101654,
            0.31320106983184814
        ],
        [
            5.455570220947266,
            -0.33744484186172485,
            0.2869343161582947,
            0.07478579878807068,
            -1.5018258094787598,
            -0.14900052547454834,
            2.160951852798462,
            -0.6174587607383728,
            -0.8849430680274963,
            0.5630412697792053,
            -3.262190103530884,
            0.5908238291740417,
            0.03539407253265381,
            0.6857252717018127,
            -1.2034393548965454,
            0.14490671455860138,
            1.8893921375274658,
            -0.5348907113075256,
            0.794511079788208,
            0.31320106983184814
        ],
        [
            -0.4794791340827942,
            -0.6216955780982971,
            0.2655795216560364,
            0.07478579878807068,
            0.15535850822925568,
            -1.008235216140747,
            -0.5374915599822998,
            0.16577425599098206,
            -0.8849430680274963,
            1.0526255369186401,
            1.0862833261489868,
            -0.7115644812583923,
            0.7027786374092102,
            0.4159785807132721,
            1.2076425552368164,
            0.012653744779527187,
            1.077717661857605,
            -0.6303330063819885,
            6.1207990646362305,
            0.31320106983184814
        ],
        [
            -13.99296760559082,
            -4.5667500495910645,
            1.2204328775405884,
            0.07478579878807068,
            3.5918946266174316,
            -5.728512763977051,
            -4.7420334815979,
            2.044288396835327,
            -0.8849430680274963,
            4.3418660163879395,
            10.248327255249023,
            -2.331387996673584,
            4.36911153793335,
            -1.0658979415893555,
            8.570477485656738,
            -0.8309692144393921,
            3.164149284362793,
            -2.46401309967041,
            -3.6601808071136475,
            0.31320106983184814
        ]
    ],