{
    "mat_eigenvals": [
        -7.715991497039795,
        -6.417077541351318,
        -6.417077541351318,
        -5.448062896728516,
        -5.348466396331787,
        -5.348466396331787,
        -5.046282768249512,
        -5.046282768249512,
        -4.664877891540527,
        -3.8398377895355225,
        -3.8398377895355225,
        -2.6411664485931396,
        -1.8578016757965088,
        -1.8578016757965088,
        -1.7942538261413574,
        -1.238318920135498,
        -1.238318920135498,
        -0.7403185367584229,
        -0.6903083324432373,
        -0.49999991059303284
    ],
    "mean": [
        [
            1.5363563299179077,
            -0.6793784499168396,
            0.03920362517237663,
            0.5577799677848816,
            1.7948707342147827,
            0.25123047828674316,
            -0.08368010818958282,
            0.0099543621763587,
            -0.05743139982223511,
            -0.44022488594055176,
            7.844165802001953,
            -2.6603260040283203,
            -0.6172504425048828,
            0.2817475497722626,
            0.8898285627365112,
            0.5554937720298767,
            0.2831001281738281,
            0.21961241960525513,
            -0.30463048815727234,
            0.09481298178434372
        ],
        [
            0.8133887648582458,
            -1.0296374559402466,
            -0.5416458249092102,
            0.8233410716056824,
            2.1057682037353516,
            0.42111459374427795,
            -0.16205672919750214,
            -0.47765299677848816,
            0.48097172379493713,
            -0.5288766026496887,
            10.659085273742676,
            -0.7154113054275513,
            -2.3863983154296875,
            1.0361738204956055,
            3.7813637256622314,
            1.486402988433838,
            1.1646915674209595,
            -1.0975350141525269,
            -0.5494464635848999,
            -0.1776769906282425
        ],
        [
            1.1667206287384033,
            -0.4568556547164917,
            -0.22164319455623627,
            0.26050350069999695,
            0.5182566046714783,
            -0.4463515877723694,
            -0.15617898106575012,
            -0.2879551649093628,
            0.21930204331874847,
            -0.13477803766727448,
            10.447980880737305,
            -1.4242966175079346,
            -0.40001827478408813,
            0.4279497563838959,
            0.9390789866447449,
            0.4962567389011383,
            0.7362288236618042,
            0.1803843230009079,
            -0.3363184928894043,
            0.41081365942955017
        ],
        [
            1.6766430139541626,
            -0.6114131808280945,
            0.1519133746623993,
            0.5062497854232788,
            1.7345434427261353,
            0.21826565265655518,
            -0.06847167015075684,
            0.1045711562037468,
            -0.16190475225448608,
            -0.4230225384235382,
            7.29794979095459,
            -3.0377230644226074,
            -0.273959755897522,
            0.13535645604133606,
            2.5519485473632812,
            -1.0980719327926636,
            0.11203353106975555,
            0.4751954972743988,
            -0.2571256458759308,
            0.14768774807453156
        ],
        [
            -1.997787356376648,
            0.1992233544588089,
            -0.5505223870277405,
            0.6548057198524475,
            -1.9815442562103271,
            -1.8123211860656738,
            0.045543815940618515,
            0.10224222391843796,
            0.08330889046192169,
            1.6827869415283203,
            3.2030510902404785,
            -3.250396490097046,
            -1.1514101028442383,
            0.4943312108516693,
            -1.025301218032837,
            0.7996989488601685,
            0.5135509371757507,
            -0.043545614928007126,
            0.43215814232826233,
            4.303311347961426
        ],
        [
            1.45223069190979,
            0.5664781332015991,
            0.4362240731716156,
            0.4298093020915985,
            1.3431366682052612,
            0.00438882689923048,
            -0.046028394252061844,
            -0.02940645068883896,
            0.07931623607873917,
            -0.3304592967033386,
            6.4918951988220215,
            -2.5886642932891846,
            -0.5590640902519226,
            0.36453425884246826,
            1.0163227319717407,
            0.5334032773971558,
            0.5070133209228516,
            0.23181667923927307,
            -0.2860639691352844,
            0.22968873381614685
        ],
        [
            1.5363563299179077,
            -0.6793784499168396,
            -1.7161065340042114,
            0.5577799677848816,
            1.7948707342147827,
            0.25123047828674316,
            -0.08368010818958282,
            0.0099543621763587,
            -0.05743139982223511,
            -0.44022488594055176,
            7.844165802001953,
            -2.6603260040283203,
            -0.6172504425048828,
            0.2817475497722626,
            0.8898285627365112,
            0.5554937720298767,
            0.2831001281738281,
            0.21961241960525513,
            -0.30463048815727234,
            0.09481298178434372
        ],
        [
            3.5198018550872803,
            -1.1625326871871948,
            1.5028438568115234,
            1.3863883018493652,
            -6.251492023468018,
            2.6058499813079834,
            0.24794481694698334,
            1.5224781036376953,
            -1.5397816896438599,
            -1.4583196640014648,
            -4.066237449645996,
            -8.86505126953125,
            0.20275527238845825,
            -0.9267450571060181,
            8.464971542358398,
            -0.07400128245353699,
            -2.1441287994384766,
            1.5527257919311523,
            0.030879177153110504,
            -0.7948527336120605
        ],
        [
            1.5363563299179077,
            -0.6793784499168396,
            0.03920362517237663,
            0.5577799677848816,
            1.7948707342147827,
            0.25123047828674316,
            -0.08368010818958282,
            0.0099543621763587,
            -0.05743139982223511,
            -0.44022488594055176,
            7.844165802001953,
            -10.686920166015625,
            -0.6172504425048828,
            0.2817475497722626,
            0.8898285627365112,
            0.5554937720298767,
            0.2831001281738281,
            0.21961241960525513,
            -0.30463048815727234,
            0.09481298178434372
        ],
        [
            1.422842025756836,
            -0.5140671133995056,
            0.3301027715206146,
            0.7153594493865967,
            2.067941904067993,
            0.40044525265693665,
            -0.3293912410736084,
            -0.1988871991634369,
            -0.2768278419971466,
            -0.512502133846283,
            16.6689510345459,
            -1.4156785011291504,
            -0.5866296887397766,
            0.12234190106391907,
            0.4292508661746979,
            0.5728244781494141,
            -0.07614368945360184,
            0.12036722153425217,
            -0.42073142528533936,
            -0.06792433559894562
        ],
        [
            4.515944004058838,
            -1.2517328262329102,
            -0.11814261227846146,
            1.414942979812622,
            4.0255022048950195,
            1.4701176881790161,
            -0.32565948367118835,
            -0.44889387488365173,
            0.09237935394048691,
            -0.998874843120575,
            16.534923553466797,
            -0.5036965608596802,
            0.15195877850055695,
            0.22117136418819427,
            2.7343509197235107,
            0.25399860739707947,
            0.528403103351593,
            0.4154893159866333,
            -0.6907932162284851,
