{
    "mat_eigenvals": [
        -9.366473197937012,
        -9.116639137268066,
        -9.116639137268066,
        -8.424230575561523,
        -8.424230575561523,
        -7.236015319824219,
        -7.236015319824219,
        -5.455294132232666,
        -5.455294132232666,
        -5.1704487800598145,
        -5.1704487800598145,
        -3.6346192359924316,
        -3.6346192359924316,
        -3.2084782123565674,
        -2.8995368480682373,
        -2.877916097640991,
        -2.877916097640991,
        -1.3091392517089844,
        -1.3091392517089844,
        -0.49999988079071045
    ],
    "mean": [
        [
            1.2460798025131226,
            0.30264684557914734,
            -0.07067415118217468,
            0.7505563497543335,
            0.10258179903030396,
            -0.2648824155330658,
            0.6103377938270569,
            -2.340958833694458,
            0.8793789744377136,
            -0.046904779970645905,
            0.14128103852272034,
            0.640377938747406,
            -1.3162870407104492,
            -0.5408191680908203,
            -1.4582518339157104,
            0.07893425226211548,
            -0.536007821559906,
            -0.5136788487434387,
            -0.33602675795555115,
            0.6321189403533936
        ],
        [
            1.3072566986083984,
            0.2699301838874817,
            -0.394560307264328,
            0.7746973633766174,
            -0.48564231395721436,
            -0.3783152997493744,
            0.6913102865219116,
            -2.3844645023345947,
            0.809799313545227,
            1.8250788450241089,
            -0.020788053050637245,
            0.9150168299674988,
            -1.4362878799438477,
            -0.5832866430282593,
            -1.179065465927124,
            -0.05509987100958824,
            -0.5874689221382141,
            -0.9676757454872131,
            -0.2992143929004669,
            0.4013078808784485
        ],
        [
            1.4791338443756104,
            0.5850276350975037,
            -0.36156392097473145,
            0.8918546438217163,
            0.077619269490242,
            -0.3259645104408264,
            1.180482268333435,
            -2.2493865489959717,
            1.9713537693023682,
            -0.2588236629962921,
            -0.11595871299505234,
            1.0762908458709717,
            -1.7241003513336182,
            -0.5026763081550598,
            -0.9159656167030334,
            0.1597798466682434,
            0.0226593054831028,
            -1.146587610244751,
            -0.26452314853668213,
            1.1969389915466309
        ],
        [
            2.7924723625183105,
            1.2517530918121338,
            -0.3300146758556366,
            2.453730344772339,
            0.02355264686048031,
            -0.1009579747915268,
            2.8960323333740234,
            -5.69618558883667,
            5.305356979370117,
            -0.577826738357544,
            2.382725954055786,
            2.1837306022644043,
            -3.510531187057495,
            -1.0014348030090332,
            -3.267333507537842,
            0.7547073364257812,
            1.4973840713500977,
            -1.0525460243225098,
            -0.5745645761489868,
            5.371440887451172
        ],
        [
            4.342655181884766,
            -0.08233913779258728,
            -0.23992475867271423,
            2.124615430831909,
            0.5010202527046204,
            -0.8632371425628662,
            1.9698599576950073,
            -8.11634635925293,
            7.754692554473877,
            -1.0994936227798462,
            -1.4266592264175415,
            3.2973742485046387,
            -5.363803386688232,
            -1.007631778717041,
            -8.740612983703613,
            -0.004297984763979912,
            -1.256168007850647,
            -1.066664218902588,
            -1.296247959136963,
            6.077434539794922
        ],
        [
            1.409003496170044,
            0.8450118899345398,
            -0.1933232545852661,
            1.3190110921859741,
            0.06242287904024124,
            0.27114322781562805,
            0.5477288961410522,
            -2.97709584236145,
            0.35994434356689453,
            -0.03544044867157936,
            0.04613715410232544,
            0.8016066551208496,
            -1.4524577856063843,
            -1.1772855520248413,
            -2.652789354324341,
            1.1428536176681519,
            -1.5843008756637573,
            -0.7672783136367798,
            -0.4935334622859955,
            0.1948515772819519
        ],
        [
            2.404935359954834,
            0.45629313588142395,
            -0.0031269369646906853,
            0.20217524468898773,
            -0.05643331632018089,
            -0.026081454008817673,
            0.0677579939365387,
            -0.03602595254778862,
            -1.8645304441452026,
            0.37317904829978943,
            0.7670395374298096,
            -0.42001813650131226,
            0.29906004667282104,
            -0.3545161783695221,
            1.4481074810028076,
            0.11215188354253769,
            -0.24859489500522614,
            -0.29298460483551025,
            0.04719361662864685,
            -1.5410842895507812
        ],
        [
            1.162070393562317,
            2.0734481811523438,
            -0.09627636522054672,
            0.9690960645675659,
            -0.1618647426366806,
            -0.3287278115749359,
            0.19445368647575378,
            -1.7644442319869995,
            0.3244835436344147,
            -0.5054076313972473,
            0.16146832704544067,
            0.6061690449714661,
            -1.2371214628219604,
            -1.1901696920394897,
            -0.9368967413902283,
            0.11434979736804962,
            -0.3636021316051483,
            -0.4520680010318756,
            -0.26728305220603943,
            0.27224475145339966
        ],
        [
            1.4090923070907593,
            0.2817537784576416,
            0.2836591303348541,
            -0.8490803241729736,
            0.3238190710544586,
            -0.7087839245796204,
            0.6078017950057983,
            -3.3021750450134277,
            1.6091183423995972,
            -0.8147696256637573,
            0.2160302996635437,
            0.5137094855308533,
            -1.4605242013931274,
            -0.5216852426528931,
            -2.5689871311187744,
            0.2250494509935379,
            -0.5522446036338806,
            0.17190146446228027,
            -0.4824835956096649,
            1.4613585472106934
        ],
        [
            1.8024405241012573,
            0.15513601899147034,
            -0.15619270503520966,
            0.9873669743537903,
            0.2569755017757416,
            -0.5496953725814819,
            2.6702895164489746,
            -6.986780643463135,
            3.408897638320923,
            -0.09850131720304489,
            -0.06298095732927322,
            0.9865158200263977,
            -1.781766414642334,
            -1.2386823892593384,
            -5.53237771987915,
            -0.48111629486083984,
            -2.4255876541137695,
            -0.7720971703529358,
            -0.8732239007949829,
            2.2508647441864014
        ],
        [
            3.2464637756347656,
            0.7103995084762573,
            -0.09770864248275757,
            1.3252758979797363,
            -0.00828457623720169,
            -0.2881011664867401,
            0.9254472255706787,
            -4.10828971862793,
            4.655414581298828,
            -1.1968055963516235,
            1.3205958604812622,
            -1.3580621480941772,
            -4.183706283569336,
            0.3773447871208191,
            -3.4921493530273438,
            0.8876546025276184,
            1.6380789279937744,
            -0.5239421725273132,
            -0.6042078733444214,
            5.003586769104004
        ]
