{
    "mat_eigenvals": [
        -8.533089637756348,
        -8.236251831054688,
        -8.236251831054688,
        -7.488287925720215,
        -7.488287925720215,
        -7.4198899269104,
        -7.199484348297119,
        -6.911475658416748,
        -6.185701370239258,
        -5.014344692230225,
        -5.014344692230225,
        -4.719104766845703,
        -3.863865852355957,
        -3.5223069190979004,
        -3.5223069190979004,
        -2.706190824508667,
        -2.2612521648406982,
        -2.2612521648406982,
        -1.1715728044509888,
        -0.5000001788139343
    ],
    "mean": [
        [
            -0.673811137676239,
            -0.08104259520769119,
            -2.184878349304199,
            -1.4456294775009155,
            0.4097178876399994,
            -0.9779189825057983,
            -0.4360167682170868,
            -2.3158702850341797,
            0.3484821021556854,
            -0.41304489970207214,
            1.1472198963165283,
            0.6086706519126892,
            -0.15141162276268005,
            0.14195546507835388,
            0.09673848003149033,
            -0.3878493905067444,
            -1.0985519886016846,
            -0.09760118275880814,
            -1.5564160346984863,
            0.5007805824279785
        ],
        [
            -0.35955119132995605,
            -0.9107826352119446,
            -3.7836220264434814,
            -2.169501304626465,
            0.40371933579444885,
            -0.543923020362854,
            -0.0903814285993576,
            -0.9438425302505493,
            -0.04549557343125343,
            -0.17297857999801636,
            3.2100167274475098,
            4.93017578125,
            1.7311434745788574,
            -0.13290028274059296,
            -1.053483486175537,
            -0.5312055945396423,
            -1.063297152519226,
            -0.6502527594566345,
            -2.3747615814208984,
            1.5360881090164185
        ],
        [
            -0.673811137676239,
            -0.08104259520769119,
            -2.184878349304199,
            -1.4456294775009155,
            -1.3849424123764038,
            -0.9779189825057983,
            -0.4360167682170868,
            -2.3158702850341797,
            0.3484821021556854,
            -0.41304489970207214,
            1.1472198963165283,
            0.6086706519126892,
            -0.15141162276268005,
            0.14195546507835388,
            0.09673848003149033,
            -0.3878493905067444,
            -1.0985519886016846,
            -0.09760118275880814,
            -1.5564160346984863,
            0.5007805824279785
        ],
        [
            -1.4929354190826416,
            0.7065409421920776,
            -2.9524343013763428,
            -0.45054757595062256,
            0.4713192284107208,
            -2.109137773513794,
            -1.0347316265106201,
            -5.892086982727051,
            1.895928978919983,
            1.048365592956543,
            -0.8107735514640808,
            -0.619228720664978,
            -2.545742988586426,
            0.7739580869674683,
            0.424045592546463,
            -1.2605347633361816,
            -1.4605956077575684,
            0.426971971988678,
            -1.45778226852417,
            0.08830226957798004
        ],
        [
            -0.1411249339580536,
            -0.21988900005817413,
            -0.40013211965560913,
            -0.31186413764953613,
            0.35576385259628296,
            -0.24227413535118103,
            -0.11921315640211105,
            0.009785383008420467,
            -0.784355103969574,
            -1.8644829988479614,
            1.4924023151397705,
            0.8251421451568604,
            0.7591808438301086,
            -0.2435276061296463,
            -3.2105915546417236,
            0.47888103127479553,
            -0.7814529538154602,
            -0.19008038938045502,
            -1.0724974870681763,
            0.19922736287117004
        ],
        [
            -0.626037061214447,
            -2.9424710273742676,
            -6.057476043701172,
            -4.6963019371032715,
            0.662068247795105,
            -0.9119426608085632,
            -0.8679391741752625,
            -2.1072943210601807,
            -0.36884555220603943,
            -3.7226245403289795,
            8.260951042175293,
            5.06984281539917,
            1.0549942255020142,
            -0.3649318218231201,
            -1.997507095336914,
            1.5884755849838257,
            -2.581666946411133,
            -2.003467559814453,
            -5.24235725402832,
            -0.6084607243537903
        ],
        [
            -0.9678826928138733,
            0.37522757053375244,
            -2.3255181312561035,
            -0.868085503578186,
            0.26076793670654297,
            -1.3840346336364746,
            -0.6034964323043823,
            -3.5997583866119385,
            0.41252630949020386,
            0.4394283592700958,
            0.012897023931145668,
            -0.10268744081258774,
            -1.5603790283203125,
            0.6830018758773804,
            0.2837162911891937,
            -0.896906316280365,
            -0.22314287722110748,
            0.20629940927028656,
            -1.759647250175476,
            0.25421077013015747
        ],
        [
            -0.4611973464488983,
            -1.7323216199874878,
            -3.731428623199463,
            -6.751566410064697,
            0.5322481393814087,
            -0.6842973828315735,
            -0.5674270987510681,
            -1.387619972229004,
            -0.44857510924339294,
            -2.7733168601989746,
            5.252426624298096,
            3.183133840560913,
            0.8420630693435669,
            -0.2764727771282196,
            -2.230278491973877,
            1.0215939283370972,
            -1.8186873197555542,
            -1.1974421739578247,
            -3.4522666931152344,
            -0.22577476501464844
        ],
        [
            -1.1846346855163574,
            -0.18106603622436523,
            -3.6216697692871094,
            -1.4654805660247803,
            0.526309609413147,
            -1.6833715438842773,
            -0.883618950843811,
            -4.546076774597168,
            0.24367688596248627,
            -0.014368152245879173,
            1.395885705947876,
            0.7646143436431885,
            -2.0362327098846436,
            0.3925202190876007,
            -0.20924125611782074,
            -0.625920295715332,
            -1.7837847471237183,
            -1.7817411422729492,
            -2.1944081783294678,
            -0.2086939811706543
        ],
        [
            1.145469069480896,
            0.0028456016443669796,
            2.0703890323638916,
            -1.5770466327667236,
            0.10626097768545151,
            4.705747127532959,
            1.1976842880249023,
            5.626929759979248,
            0.5622660517692566,
            -1.5595345497131348,
            0.9386672973632812,
            0.47788286209106445,
            4.471863746643066,
            -0.9557003378868103,
            0.720882773399353,
            0.29678013920783997,
            0.6849258542060852,
            -0.041727110743522644,
            0.6206194758415222,
            2.154766798019409
        ],
        [
            -0.49725955724716187,
            0.09156949073076248,
            -1.4763697385787964,
            -1.2866237163543701,
            0.4625914394855499,
            -0.7340995669364929,
            -0.2619117796421051,
            -1.5450634956359863,
            0.42328527569770813,
            -0.41681617498397827,
            0.7180929183959961,
            0.33955588936805725,
            0.5378862619400024,
            -0.11574724316596985,
            0.3151269257068634,
            -0.3855973780155182,
            -1.4093003273010254,
            0.017367791384458542,
            -2.468210220336914,
