{
    "mat_eigenvals": [
        -9.27698802947998,
        -7.564124584197998,
        -7.527741432189941,
        -7.527741432189941,
        -5.866471290588379,
        -5.74013614654541,
        -5.076861381530762,
        -5.076861381530762,
        -4.1981587409973145,
        -4.1981587409973145,
        -3.2235069274902344,
        -3.1427478790283203,
        -3.1427478790283203,
        -1.9251331090927124,
        -1.9251331090927124,
        -1.7346086502075195,
        -1.3173350095748901,
        -0.7732663154602051,
        -0.4999999701976776,
        -0.4999999701976776
    ],
    "mean": [
        [
            0.6715269088745117,
            1.6672919988632202,
            5.048463344573975,
            -2.193903923034668,
            0.45563095808029175,
            -1.6406865119934082,
            -0.3348936438560486,
            0.23374857008457184,
            4.934511661529541,
            -0.8001548647880554,
            1.4269393682479858,
            -0.6823225617408752,
            -4.750697612762451,
            3.390268564224243,
            0.079762764275074,
            0.8690831065177917,
            -1.3582881689071655,
            0.06607214361429214,
            3.2720277309417725,
            -0.7643556594848633
        ],
        [
            0.09740733355283737,
            0.4215082824230194,
            -0.9331119060516357,
            7.475973129272461,
            0.45563095808029175,
            3.84928822517395,
            -0.9642415046691895,
            -0.47282007336616516,
            1.9923771619796753,
            -0.6887456774711609,
            2.1337730884552,
            -0.190121129155159,
            -2.3291358947753906,
            0.7352616190910339,
            2.394766330718994,
            -1.3156015872955322,
            0.09681297093629837,
            0.1753089725971222,
            2.600677728652954,
            2.074105978012085
        ],
        [
            0.005788175854831934,
            0.7235957384109497,
            -0.19792301952838898,
            2.904322624206543,
            0.45563095808029175,
            1.0192948579788208,
            -0.09193743765354156,
            -0.3583288788795471,
            1.5228651762008667,
            -0.5125662088394165,
            1.1540706157684326,
            0.12734751403331757,
            -1.4862496852874756,
            -0.286188006401062,
            -2.6263248920440674,
            -0.41069579124450684,
            -1.5844581127166748,
            0.22249841690063477,
            1.4190771579742432,
            0.26129528880119324
        ],
        [
            1.3881819248199463,
            3.905519485473633,
            6.742812633514404,
            2.74580454826355,
            0.45563095808029175,
            1.816081166267395,
            -2.2552874088287354,
            0.047743238508701324,
            8.607086181640625,
            -1.5962327718734741,
            3.583772659301758,
            -1.235707402229309,
            -9.855466842651367,
            5.187214374542236,
            -1.0351284742355347,
            1.9427497386932373,
            -2.4288885593414307,
            0.0454002320766449,
            5.670373916625977,
            -1.7786611318588257
        ],
        [
            2.1687891483306885,
            2.7985987663269043,
            1.7129536867141724,
            -1.6109676361083984,
            0.45563095808029175,
            -0.3203229606151581,
            -2.79805064201355,
            -0.8120688199996948,
            12.60738754272461,
            -0.6939312815666199,
            4.193360328674316,
            -0.9333458542823792,
            -10.27161979675293,
            3.040273904800415,
            1.5116900205612183,
            -1.1953380107879639,
            -1.1071844100952148,
            -0.923836886882782,
            5.155537128448486,
            2.793004274368286
        ],
        [
            0.25125694274902344,
            0.35472187399864197,
            4.054841995239258,
            -5.090709686279297,
            0.45563095808029175,
            -3.6678476333618164,
            0.7912878394126892,
            0.3428281843662262,
            2.7807953357696533,
            -0.3333090841770172,
            0.16210226714611053,
            -0.357799768447876,
            -1.7570942640304565,
            2.3364813327789307,
            0.7335714101791382,
            0.2394500970840454,
            -0.7304531335830688,
            0.07819480448961258,
            1.8655600547790527,
            -3.6596016883850098
        ],
        [
            0.3125559389591217,
            1.1498980522155762,
            5.325881004333496,
            0.09647072851657867,
            2.195220947265625,
            -1.2934471368789673,
            -1.7093225717544556,
            0.4312998056411743,
            3.0949277877807617,
            -0.7047481536865234,
            0.6599606871604919,
            -0.5577986240386963,
            -3.3919119834899902,
            3.1745941638946533,
            0.01343136839568615,
            1.0492173433303833,
            -1.2379910945892334,
            0.2372410148382187,
            2.609347105026245,
            -1.200167179107666
        ],
        [
            0.6787473559379578,
            3.046990394592285,
            -5.088032245635986,
            -1.0859754085540771,
            0.45563095808029175,
            -0.964521586894989,
            -0.5225734114646912,
            0.7006560564041138,
            4.971512794494629,
            -3.8806819915771484,
            1.6377261877059937,
            0.3351050019264221,
            -4.700617790222168,
            0.23787908256053925,
            -0.34020307660102844,
            1.2611688375473022,
            -0.33840787410736084,
            0.03996985778212547,
            2.0113015174865723,
            -2.6250803470611572
        ],
        [
            1.3768432140350342,
            3.1977591514587402,
            12.396936416625977,
            -8.30908203125,
            0.45563095808029175,
            -8.38521957397461,
            0.43827173113822937,
            1.101780891418457,
            8.54897689819336,
            -0.9370231032371521,
            0.5585818886756897,
            -1.2870010137557983,
            -7.7256293296813965,
            6.651993274688721,
            -2.7642605304718018,
            3.5530078411102295,
            -3.145906448364258,
            -0.06812727451324463,
            4.096794128417969,
            -4.251457214355469
        ],
        [
            0.6401286721229553,
            1.7039148807525635,
            6.487842559814453,
            -5.868912696838379,
            0.45563095808029175,
            -3.888340473175049,
            0.29943278431892395,
            -0.034600310027599335,
            4.773608207702637,
            0.8152417540550232,
            0.7145145535469055,
            1.2715157270431519,
            -1.7526557445526123,
            3.6005265712738037,
            1.464550495147705,
            -0.8324931263923645,
            -0.9893373250961304,
            -0.4539589285850525,
            2.840942144393921,
            -0.4727892279624939
        ],
        [
            0.5413530468940735,
            1.4827682971954346,
            4.022623538970947,
            -1.1970337629318237,
            0.45563095808029175,
            -1.1205729246139526,
            -0.2873876988887787,
            0.1179780513048172,
            4.267423152923584,
            -0.7439219355583191,
            1.373584508895874,
            -0.5240055918693542,
            -4.112390995025635,
            2.671401262283325,
            -0.44936585426330566,
            0.6188445091247559,
            -1.4025118350982666,
            -1.0704689025878906,
            2.909715175628662,
            -0.5638074278831482
        ]
    ],