{
    "mat_eigenvals": [
        -8.146517753601074,
        -7.582791328430176,
        -7.56648588180542,
        -7.56648588180542,
        -7.177638053894043,
        -7.177638053894043,
        -7.136167049407959,
        -6.361389636993408,
        -6.024158477783203,
        -6.024158477783203,
        -4.649415969848633,
        -4.649415969848633,
        -4.369908809661865,
        -4.369908809661865,
        -2.9485831260681152,
        -2.9485831260681152,
        -2.878110408782959,
        -2.7772207260131836,
        -1.1514371633529663,
        -0.49999991059303284
    ],
    "mean": [
        [
            -0.8368039131164551,
            -0.9850804209709167,
            -1.7262436151504517,
            0.8365888595581055,
            -1.1569565534591675,
            -4.386491775512695,
            1.044288158416748,
            -0.3439674973487854,
            -0.5883009433746338,
            1.301523208618164,
            2.459479570388794,
            -0.063369520008564,
            -1.7990882396697998,
            0.5160029530525208,
            -1.0535833835601807,
            -0.9394263625144958,
            3.2343199253082275,
            0.28170815110206604,
            1.9784979820251465,
            -1.7168443202972412
        ],
        [
            -0.1562959998846054,
            0.6432402729988098,
            1.0581374168395996,
            -0.4994451403617859,
            -0.29154008626937866,
            2.3969039916992188,
            0.7431036829948425,
            -0.3439674973487854,
            -0.23634961247444153,
            -0.46096739172935486,
            0.06507260352373123,
            -0.14950111508369446,
            0.1165466383099556,
            -0.09966090321540833,
            -0.0138348788022995,
            0.6481962203979492,
            -0.059415675699710846,
            0.28170815110206604,
            -0.26452872157096863,
            -0.20939920842647552
        ],
        [
            -1.7177680730819702,
            -1.5142627954483032,
            -2.6030588150024414,
            1.2455995082855225,
            -1.651352882385254,
            -5.240023136138916,
            0.7600498795509338,
            -0.3439674973487854,
            -0.7104417681694031,
            1.3718386888504028,
            5.559205055236816,
            -0.3302294909954071,
            -2.740354061126709,
            0.6638194918632507,
            -1.585745096206665,
            -1.1391912698745728,
            4.330562591552734,
            0.28170815110206604,
            2.5185155868530273,
            -2.2399868965148926
        ],
        [
            -0.6670650243759155,
            -0.575371503829956,
            -0.9798412919044495,
            0.4934062957763672,
            -0.9985992908477783,
            -3.283562183380127,
            1.4525259733200073,
            -0.3439674973487854,
            -0.1808229386806488,
            0.7180404663085938,
            1.8622432947158813,
            -0.16720271110534668,
            -1.4058960676193237,
            0.40007394552230835,
            -0.7942391633987427,
            -0.6812908053398132,
            2.412764310836792,
            0.28170815110206604,
            1.3614728450775146,
            0.02842755615711212
        ],
        [
            -0.6019588708877563,
            2.083247184753418,
            -1.4656683206558228,
            2.5287413597106934,
            2.4481735229492188,
            -4.728744029998779,
            2.1635000705718994,
            -0.3439674973487854,
            -0.6789208650588989,
            2.634740114212036,
            1.6331641674041748,
            2.5055317878723145,
            -1.6158212423324585,
            0.47497281432151794,
            -0.6947636008262634,
            -1.0195287466049194,
            2.0976431369781494,
            0.28170815110206604,
            1.981029987335205,
            -2.1049790382385254
        ],
        [
            -0.10732682794332504,
            -4.672109127044678,
            1.481526494026184,
            -0.6382865905761719,
            -0.47639453411102295,
            0.3535034954547882,
            -0.06263268738985062,
            -0.3439674973487854,
            -0.15877202153205872,
            -1.2060766220092773,
            -0.10722827911376953,
            -0.509607195854187,
            -0.10929013043642044,
            0.017781438305974007,
            0.060985151678323746,
            0.1699477583169937,
            -0.29643192887306213,
            0.28170815110206604,
            -0.6732560396194458,
            0.1228739321231842
        ],
        [
            0.40568724274635315,
            -2.7045209407806396,
            -3.63608455657959,
            2.1527786254882812,
            -2.8715856075286865,
            -6.946636199951172,
            0.21146635711193085,
            -0.3439674973487854,
            -0.8342779874801636,
            1.274889349937439,
            5.058404445648193,
            -1.0801596641540527,
            -5.019298553466797,
            0.7786516547203064,
            -1.6187912225723267,
            -1.5386165380477905,
            6.80938720703125,
            0.28170815110206604,
            3.6372218132019043,
            -2.770390272140503
        ],
        [
            -2.010254383087158,
            -3.7296559810638428,
            -7.829280376434326,
            2.9637231826782227,
            -3.671837091445923,
            -8.910358428955078,
            -0.47121766209602356,
            -0.3439674973487854,
            -1.2904880046844482,
            1.7823799848556519,
            6.588333606719971,
            -1.3792558908462524,
            -6.607226371765137,
            1.1193231344223022,
            -2.8464996814727783,
            -1.9982171058654785,
            8.913952827453613,
            0.28170815110206604,
            7.289829730987549,
            -4.724385738372803
        ],
        [
            -0.9657917618751526,
            -1.2964262962341309,
            -5.191324234008789,
            1.0973799228668213,
            -1.2772951126098633,
            -5.224629878997803,
            0.7340607643127441,
            -0.3439674973487854,
            -0.8979514837265015,
            1.7449228763580322,
            2.9133317470550537,
            0.015535292215645313,
            -2.0978825092315674,
            0.6040996313095093,
            -1.250664234161377,
            -1.135588526725769,
            3.858635425567627,
            0.28170815110206604,
            2.4473876953125,
            -3.0431108474731445
        ],
        [
            -1.4103648662567139,
            -2.3462753295898438,
            -3.9093191623687744,
            1.9313088655471802,
            -2.0677778720855713,
            -7.292947292327881,
            0.7225766777992249,
            -0.3439674973487854,
            -0.846583902835846,
            2.3331587314605713,
            4.477588176727295,
            -0.2505702078342438,
            -3.6806392669677734,
            1.1536442041397095,
            -1.9299274682998657,
            -2.712477445602417,
            6.01041841506958,
            0.28170815110206604,
            3.6874635219573975,
            -2.8230984210968018
        ],
        [
            -0.36561867594718933,
            3.718909978866577,
            -0.7551869750022888,
            -0.9354258179664612,
            4.110532760620117,
            -3.988595724105835,
            2.96799373626709,
            -0.3439674973487854,
            -0.3902169167995453,
            2.7337989807128906,
            0.8015868663787842,
            3.516040325164795,
            1.9140511751174927,
            0.3643852174282074,
            -0.33365917205810547,
            -0.8463006615638733,
            0.9537297487258911,
            0.28170815110206604,
            1.486504316329956,
            -0.86842942237854
        ]
    ],