{
    "mat_eigenvals": [
        -9.74260425567627,
        -7.516312122344971,
        -7.516312122344971,
        -6.806412220001221,
        -6.101100444793701,
        -6.101100444793701,
        -5.967926502227783,
        -5.482501983642578,
        -5.260751247406006,
        -5.260751247406006,
        -4.943569183349609,
        -2.8348288536071777,
        -2.8281354904174805,
        -1.975685477256775,
        -1.802122950553894,
        -1.802122950553894,
        -1.389878511428833,
        -1.389878511428833,
        -0.5000000596046448,
        -0.5000000596046448
    ],
    "mean": [
        [
            -0.6733761429786682,
            -0.7638230323791504,
            -1.090181589126587,
            0.9441909193992615,
            0.20798638463020325,
            -0.8009170889854431,
            -0.17142254114151,
            0.13867804408073425,
            0.4334319829940796,
            0.016734471544623375,
            0.16074249148368835,
            0.5391128063201904,
            0.2905258536338806,
            -0.16105777025222778,
            0.3550375998020172,
            0.3541348874568939,
            0.6993093490600586,
            0.238883838057518,
            -0.033631157130002975,
            -1.4148513078689575
        ],
        [
            -1.182714819908142,
            -0.3605470359325409,
            -1.9233691692352295,
            0.38950857520103455,
            0.09930738806724548,
            -0.598253071308136,
            0.05269170552492142,
            -3.023125648498535,
            0.4334319829940796,
            -0.008353644981980324,
            0.8269517421722412,
            0.8885054588317871,
            0.23433414101600647,
            -1.0644030570983887,
            0.9452002048492432,
            1.277825117111206,
            0.7183517813682556,
            -0.1838838756084442,
            -0.036524806171655655,
            0.34860026836395264
        ],
        [
            -0.6606893539428711,
            -0.7542237639427185,
            -1.1041333675384521,
            0.958579957485199,
            0.2250068336725235,
            -0.8326566219329834,
            -0.2146560251712799,
            0.15895280241966248,
            0.4334319829940796,
            0.11190775036811829,
            0.1901022493839264,
            0.5474292635917664,
            0.2903558611869812,
            -0.15526515245437622,
            0.34476056694984436,
            0.37612125277519226,
            -1.6360044479370117,
            0.22025252878665924,
            -3.5387086868286133,
            -1.3728761672973633
        ],
        [
            -1.7239395380020142,
            -1.1205164194107056,
            -1.3444904088974,
            1.1086379289627075,
            0.33975890278816223,
            -1.0466457605361938,
            -0.243058443069458,
            0.13536210358142853,
            0.4334319829940796,
            0.03728865087032318,
            -0.4039652943611145,
            0.23007847368717194,
            0.5388704538345337,
            -0.16200515627861023,
            0.5459418296813965,
            -0.46285971999168396,
            0.6837082505226135,
            0.5972400903701782,
            -0.031260471791028976,
            -2.9746053218841553
        ],
        [
            1.3129260540008545,
            -0.08717649430036545,
            4.509008407592773,
            0.9851571917533875,
            1.1821197271347046,
            -2.6174750328063965,
            -0.46515166759490967,
            -4.713380336761475,
            0.4334319829940796,
            0.7187387347221375,
            -5.54897403717041,
            -1.7717225551605225,
            -0.6175942420959473,
            -1.5473179817199707,
            1.2299025058746338,
            -5.7550249099731445,
            0.1664736121892929,
            3.8621952533721924,
            0.04733709618449211,
            -13.07807445526123
        ],
        [
            -0.3623187243938446,
            -2.146836280822754,
            0.3516148030757904,
            2.1737446784973145,
            1.513714075088501,
            -3.235830783843994,
            -0.6776796579360962,
            -0.16205886006355286,
            0.4334319829940796,
            0.09626135975122452,
            -1.4814850091934204,
            -0.6591112613677979,
            -0.09176555275917053,
            -0.24698002636432648,
            1.1685324907302856,
            -2.8136117458343506,
            0.6389468312263489,
            5.106962203979492,
            -0.0244586318731308,
            -7.462514400482178
        ],
        [
            -1.4674787521362305,
            -1.7844195365905762,
            -0.3531047999858856,
            0.12913119792938232,
            0.5246190428733826,
            -1.391371726989746,
            0.45878735184669495,
            1.2218105792999268,
            0.4334319829940796,
            -0.7801875472068787,
            -1.4966351985931396,
            -0.34511804580688477,
            -0.5481921434402466,
            0.14839932322502136,
            3.3916187286376953,
            -1.9835081100463867,
            1.3041895627975464,
            1.2906343936920166,
            -0.12554709613323212,
            -5.877731800079346
        ],
        [
            0.36899474263191223,
            -0.3876771032810211,
            1.649803638458252,
            1.022056221961975,
            0.7622764110565186,
            -1.8345540761947632,
            -0.49057677388191223,
            -2.2030389308929443,
            0.4334319829940796,
            0.7469725012779236,
            -2.572951555252075,
            -2.0688741207122803,
            -0.1635727882385254,
            -0.8300995826721191,
            0.7508494257926941,
            -2.6084179878234863,
            0.14504358172416687,
            1.9736504554748535,
            0.050593532621860504,
            -7.070770263671875
        ],
        [
            -0.1300235539674759,
            -0.5905311107635498,
            0.5526813268661499,
            0.9237955808639526,
            0.45030513405799866,
            -1.2527918815612793,
            -0.15926016867160797,
            -1.3032772541046143,
            0.4334319829940796,
            0.005905182100832462,
            -1.5484005212783813,
            0.6892504096031189,
            0.029515465721488,
            -0.5730324387550354,
            0.6298449039459229,
            0.7510541677474976,
            0.7075289487838745,
            1.3234837055206299,
            -0.03488020598888397,
            -0.657077968120575
        ],
        [
            -1.3457791805267334,
            1.3124855756759644,
            -3.998878002166748,
            0.15453632175922394,
            -0.5773760676383972,
            0.6636226177215576,
            0.18052354454994202,
            1.5966347455978394,
            0.4334319829940796,
            -0.10207058489322662,
            3.4352869987487793,
            2.3379976749420166,
            1.0172066688537598,
            0.25548863410949707,
            -1.1225172281265259,
            5.109851360321045,
            0.7894847989082336,
            -1.8390989303588867,
            -0.047333974391222,
            7.664462566375732
        ],
        [
            -0.33864814043045044,
            -0.510560929775238,
            -1.4582780599594116,
            1.3238325119018555,
            0.6570526957511902,
            -1.6383334398269653,
            -1.3120918273925781,
            0.6736063361167908,
            0.4334319829940796,
            2.5277791023254395,
            0.9353689551353455,
            0.7585355043411255,
            0.2860402762889862,
            -0.008225749246776104,
            0.0838889628648758,
            0.9342232346534729,
            2.5223824977874756,
            -0.2526839077472687,
            -4.412930488586426,
            -0.30738306045532227
        ]
