{
    "mat_eigenvals": [
        -8.302857398986816,
        -8.302857398986816,
        -7.610767364501953,
        -7.280280590057373,
        -6.171241283416748,
        -6.171241283416748,
        -5.4959540367126465,
        -5.4959540367126465,
        -4.757572650909424,
        -4.757572650909424,
        -4.1586737632751465,
        -3.7740659713745117,
        -3.5802783966064453,
        -3.459427833557129,
        -2.9312965869903564,
        -2.215163230895996,
        -1.315738320350647,
        -0.5922081470489502,
        -0.5,
        -0.5
    ],
    "mean": [
        [
            -0.4097929298877716,
            0.052528802305459976,
            0.0958433449268341,
            -1.6120070219039917,
            0.7981519103050232,
            -0.46806809306144714,
            0.5424252152442932,
            -0.0665421411395073,
            0.2785230875015259,
            -0.6966704726219177,
            0.4862765371799469,
            -0.14144857227802277,
            -0.4395942986011505,
            0.8265217542648315,
            0.7962228655815125,
            0.4429733455181122,
            -0.10173124819993973,
            0.0162819754332304,
            0.6313571929931641,
            -0.10678757727146149
        ],
        [
            -0.07879405468702316,
            -0.8682889938354492,
            -0.11488945037126541,
            5.376082897186279,
            0.9332111477851868,
            -0.6179171800613403,
            0.19997452199459076,
            0.9493767619132996,
            0.2785230875015259,
            -0.23547042906284332,
            0.36823007464408875,
            0.49082326889038086,
            -0.4395942986011505,
            -1.219944953918457,
            1.0833849906921387,
            -2.0233545303344727,
            -1.4793181419372559,
            0.32681480050086975,
            0.6313571929931641,
            -2.950106143951416
        ],
        [
            -1.0210353136062622,
            2.9612443447113037,
            9.70703411102295,
            -4.812009811401367,
            -3.955415725708008,
            -0.25025469064712524,
            1.040195107460022,
            -1.1813639402389526,
            0.2785230875015259,
            -3.8159291744232178,
            0.7042681574821472,
            -1.6725127696990967,
            -0.4395942986011505,
            4.605649948120117,
            -9.310794830322266,
            3.010010242462158,
            3.280881643295288,
            -3.252889394760132,
            0.6313571929931641,
            7.159883975982666
        ],
        [
            -0.4910731017589569,
            2.759770631790161,
            1.8429442644119263,
            -6.600132942199707,
            0.006344171706587076,
            0.4913291037082672,
            2.7349390983581543,
            -0.5406713485717773,
            0.2785230875015259,
            -1.0432394742965698,
            0.5152639150619507,
            -0.8314728140830994,
            -0.4395942986011505,
            1.329052448272705,
            -0.8873157501220703,
            2.902327537536621,
            1.5044904947280884,
            -1.4098608493804932,
            0.6313571929931641,
            1.7188538312911987
        ],
        [
            -1.006212592124939,
            1.711730718612671,
            0.4755583107471466,
            -2.6327478885650635,
            0.5547915697097778,
            -0.19805824756622314,
            1.1594796180725098,
            -1.277571678161621,
            6.904904365539551,
            -1.7886165380477905,
            0.6989819407463074,
            -1.2807257175445557,
            -5.361670017242432,
            4.514006614685059,
            0.2787911891937256,
            0.7629300355911255,
            2.3805127143859863,
            -0.543260395526886,
            0.6313571929931641,
            5.016528606414795
        ],
        [
            0.027465365827083588,
            -1.1638959646224976,
            -0.18254025280475616,
            2.248439311981201,
            0.9765686988830566,
            -0.6660225987434387,
            0.09003879129886627,
            1.2755135297775269,
            0.2785230875015259,
            -0.08741292357444763,
            0.33033403754234314,
            0.6937991976737976,
            -0.4395942986011505,
            -1.8769152164459229,
            1.1755716800689697,
            -2.8151113986968994,
            -1.9215599298477173,
            0.4265040457248688,
            0.6313571929931641,
            -3.862887144088745
        ],
        [
            -0.5042497515678406,
            -0.7572725415229797,
            0.07373161613941193,
            -2.2954201698303223,
            2.323800563812256,
            -0.373014897108078,
            0.7596504092216492,
            -0.21678131818771362,
            0.2785230875015259,
            -0.21096490323543549,
            0.5199632048606873,
            -0.3881916105747223,
            -0.4395942986011505,
            1.4105193614959717,
            0.55338454246521,
            0.8704603910446167,
            -0.4530963599681854,
            -0.4007376432418823,
            0.6313571929931641,
            -1.0849967002868652
        ],
        [
            0.5868121385574341,
            -2.8512706756591797,
            -13.373856544494629,
            3.8812973499298096,
            5.24839973449707,
            -0.9128472805023193,
            -0.47403058409690857,
            1.7189511060714722,
            0.2785230875015259,
            2.9761276245117188,
            0.13085028529167175,
            2.369699239730835,
            -0.4395942986011505,
            -5.335188388824463,
            10.258323669433594,
            -3.787440299987793,
            -4.340651988983154,
            5.217784404754639,
            0.6313571929931641,
            -8.886829376220703
        ],
        [
            -0.24920664727687836,
            -0.10542784631252289,
            0.42450806498527527,
            -0.6803575158119202,
            0.9589381217956543,
            -3.3266477584838867,
            0.3441081941127777,
            0.2157365083694458,
            0.2785230875015259,
            -0.3430427014827728,
            0.42900550365448,
            0.26567766070365906,
            -0.4395942986011505,
            -0.16633513569831848,
            1.1380860805511475,
            -0.24626705050468445,
            -0.5696282386779785,
            0.832715630531311,
            0.6313571929931641,
            -1.0044022798538208
        ],
        [
            -0.28518447279930115,
            -0.294124037027359,
            0.0165104977786541,
            -1.31138277053833,
            0.8489965200424194,
            -0.5244805216789246,
            0.4135056436061859,
            0.005517993588000536,
            0.2785230875015259,
            -0.3923221528530121,
            0.44183647632598877,
            2.0933587551116943,
            -0.4395942986011505,
            0.05610496923327446,
            0.9043285250663757,
            0.2912490963935852,
            -0.6203401684761047,
            0.1331857293844223,
            0.6313571929931641,
            -1.177188754081726
        ],
        [
            -0.6215843558311462,
            0.260852187871933,
            -0.33762067556381226,
            -2.8407251834869385,
            0.5860967040061951,
            -0.3536180555820465,
            0.8039783835411072,
            -0.4388292729854584,
            0.2785230875015259,
            -1.163057804107666,
            0.561809241771698,
            -0.6783927083015442,
            -0.4395942986011505,
            2.1359646320343018,
            0.34535151720046997,
            1.3519874811172485,
            0.5153612494468689,
            -1.0604829788208008,
            0.6313571929931641,
            1.0770442485809326
        ]
    ],