{
    "mat_eigenvals": [
        -8.09000015258789,
        -7.070845603942871,
        -7.070845603942871,
        -7.015247821807861,
        -7.015247821807861,
        -6.714963912963867,
        -6.714963912963867,
        -6.117496967315674,
        -6.00969934463501,
        -5.628716468811035,
        -5.628716468811035,
        -4.137106895446777,
        -4.137106895446777,
        -3.8622562885284424,
        -3.8622562885284424,
        -3.180514335632324,
        -1.535475254058838,
        -0.551986038684845,
        -0.551986038684845,
        -0.49999988079071045
    ],
    "mean": [
        [
            12.226175308227539,
            -1.2715892791748047,
            1.422843337059021,
            -1.09243905544281,
            -0.7338594198226929,
            1.92112398147583,
            -2.436349868774414,
            -4.261379241943359,
            -7.682587623596191,
            -4.600602626800537,
            4.485914707183838,
            -0.7744528651237488,
            3.135082244873047,
            -0.8579757213592529,
            -0.8164351582527161,
            0.21001924574375153,
            -0.5289940237998962,
            -2.6552934646606445,
            -2.8459312915802,
            3.755166530609131
        ],
        [
            39.29335021972656,
            -4.293962001800537,
            4.449872016906738,
            -4.085091590881348,
            -2.146482229232788,
            7.204658508300781,
            -8.219098091125488,
            -13.0114164352417,
            -24.6234073638916,
            -16.25971794128418,
            14.436091423034668,
            -6.877294540405273,
            9.682014465332031,
            -5.0870256423950195,
            -2.5575830936431885,
            0.9771766662597656,
            -2.5631141662597656,
            -9.140817642211914,
            -10.558777809143066,
            14.690396308898926
        ],
        [
            13.78895092010498,
            -1.1890807151794434,
            1.2480173110961914,
            -0.6894209384918213,
            -0.6729997992515564,
            3.3504600524902344,
            -2.4226317405700684,
            -4.077592849731445,
            -7.239142894744873,
            -3.5706779956817627,
            4.178872108459473,
            -0.5530223846435547,
            2.9637084007263184,
            -1.0998908281326294,
            -0.7627068758010864,
            0.18907642364501953,
            -0.5046998858451843,
            -2.3314061164855957,
            -2.429381847381592,
            3.2380940914154053
        ],
        [
            14.663925170898438,
            -1.9767494201660156,
            2.0093774795532227,
            -1.6054743528366089,
            -1.1435177326202393,
            2.9223742485046387,
            -3.6423943042755127,
            -6.05021333694458,
            -11.098594665527344,
            -6.763323783874512,
            4.778406143188477,
            0.11076399683952332,
            4.455228805541992,
            -1.8250840902328491,
            -0.8676173090934753,
            0.3890073001384735,
            -0.952562689781189,
            -3.9162585735321045,
            -4.3572468757629395,
            5.904044151306152
        ],
        [
            14.655720710754395,
            -1.370160460472107,
            1.6128230094909668,
            -1.4567294120788574,
            -0.908591628074646,
            2.381808280944824,
            -2.6536495685577393,
            -4.564003944396973,
            -8.255313873291016,
            -5.223161220550537,
            5.284536361694336,
            -3.201514720916748,
            3.356416702270508,
            1.7936134338378906,
            -0.9561833143234253,
            0.23503920435905457,
            -1.0037336349487305,
            -3.8116872310638428,
            -4.799798488616943,
            4.256462574005127
        ],
        [
            12.226175308227539,
            -1.2715892791748047,
            1.422843337059021,
            -1.09243905544281,
            0.9777157306671143,
            1.92112398147583,
            -2.436349868774414,
            -4.261379241943359,
            -7.682587623596191,
            -4.600602626800537,
            4.485914707183838,
            -0.7744528651237488,
            3.135082244873047,
            -0.8579757213592529,
            -0.8164351582527161,
            0.21001924574375153,
            -0.5289940237998962,
            -2.6552934646606445,
            -2.8459312915802,
            3.755166530609131
        ],
        [
            14.892592430114746,
            -1.4590052366256714,
            1.819954752922058,
            -2.007880687713623,
            -0.8720996379852295,
            2.8552520275115967,
            -2.467510461807251,
            -4.678842544555664,
            -8.689858436584473,
            -6.940042495727539,
            5.183347702026367,
            -1.2774243354797363,
            3.52435040473938,
            -0.30847421288490295,
            -0.9384766817092896,
            0.25759026408195496,
            -0.5841774940490723,
            -3.390991449356079,
            -3.7921087741851807,
            4.9296793937683105
        ],
        [
            33.37766647338867,
            -3.856635808944702,
            3.7967917919158936,
            -3.001404047012329,
            -2.2408246994018555,
            6.555048942565918,
            -7.3884758949279785,
            -11.735550880432129,
            -22.141284942626953,
            -13.802690505981445,
            12.067904472351074,
            -1.6787049770355225,
            8.722773551940918,
            0.1299288123846054,
            -2.1431827545166016,
            0.8661715388298035,
            -1.4953334331512451,
            -9.662665367126465,
            -6.075558662414551,
            12.736320495605469
        ],
        [
            12.183414459228516,
            -1.5839290618896484,
            1.5223979949951172,
            -0.7713364958763123,
            -0.7935819029808044,
            1.828199863433838,
            -2.375260829925537,
            -5.135261058807373,
            -7.101358890533447,
            -4.468777656555176,
            4.467064380645752,
            -0.8326523303985596,
            2.9104602336883545,
            -0.7943921089172363,
            -0.8131363391876221,
            0.289299339056015,
            -0.622662365436554,
            -2.4283692836761475,
            -2.642238140106201,
            3.635403871536255
        ],
        [
            12.50895881652832,
            -1.2566592693328857,
            1.3912088871002197,
            -1.0195127725601196,
            -0.9590302109718323,
            2.179762125015259,
            -2.4338669776916504,
            -4.228123188018799,
            -7.602346420288086,
            -4.414238452911377,
            4.430355072021484,
            -0.7343849539756775,
            3.104072093963623,
            -0.9017501473426819,
            -0.8067128658294678,
            0.20622968673706055,
            -0.5245981216430664,
            -4.016537666320801,
            -2.7705564498901367,
            3.661602735519409
        ],
        [
            20.858657836914062,
            -2.235509157180786,
            2.388247489929199,
            -2.046879291534424,
            -1.1843844652175903,
            3.606191396713257,
            -4.280630588531494,
            -7.0520124435424805,
            -13.085490226745605,
            -8.319022178649902,
            7.659304618835449,
            0.4601013958454132,
            5.223081588745117,
            -2.2067387104034424,
            -1.3717360496520996,
            0.4546872675418854,
            -1.177731990814209,
            -4.7237091064453125,
            -5.305773735046387,
            7.242717742919922
        ]
    ],