{
    "mat_eigenvals": [
        -10.239933013916016,
        -8.443306922912598,
        -7.4904375076293945,
        -6.84513521194458,
        -6.786654472351074,
        -6.786654472351074,
        -5.801702499389648,
        -5.801702499389648,
        -5.223559379577637,
        -5.223559379577637,
        -3.955613613128662,
        -3.955613613128662,
        -3.8913464546203613,
        -3.8913464546203613,
        -3.8728644847869873,
        -2.3986430168151855,
        -2.3285672664642334,
        -2.2669312953948975,
        -0.5000001788139343,
        -0.5000001788139343
    ],
    "mean": [
        [
            0.3170545697212219,
            -1.020616888999939,
            -0.995724618434906,
            1.9453691244125366,
            0.8653574585914612,
            0.17380499839782715,
            0.26061201095581055,
            -0.4770783483982086,
            -0.2074199616909027,
            0.6293923258781433,
            0.42897829413414,
            1.0682244300842285,
            1.4738060235977173,
            1.1213105916976929,
            -1.0137903690338135,
            0.48925915360450745,
            -3.902094602584839,
            0.4057298004627228,
            -1.186000108718872,
            -0.4842129051685333
        ],
        [
            0.40138915181159973,
            -1.0864323377609253,
            -1.9436477422714233,
            2.282914161682129,
            1.139789342880249,
            0.17380499839782715,
            0.3275439143180847,
            -0.8530445098876953,
            0.7153623700141907,
            0.7926777601242065,
            2.4158456325531006,
            1.2183146476745605,
            2.1294775009155273,
            1.5093632936477661,
            -1.5542211532592773,
            1.2769359350204468,
            -6.079254627227783,
            0.6146219372749329,
            -1.7868515253067017,
            -0.8064040541648865
        ],
        [
            0.10882914811372757,
            -0.8956121206283569,
            -1.471923828125,
            2.4422242641448975,
            0.20810207724571228,
            0.17380499839782715,
            0.13348685204982758,
            -2.882982015609741,
            -0.12182575464248657,
            1.2713770866394043,
            0.4025198221206665,
            1.6583303213119507,
            2.211360454559326,
            1.000238299369812,
            -0.9602043032646179,
            0.49854913353919983,
            -4.8889851570129395,
            0.17010895907878876,
            -1.3781299591064453,
            -0.45633697509765625
        ],
        [
            0.05945950001478195,
            -3.331696033477783,
            -2.7643444538116455,
            2.0623998641967773,
            1.388960599899292,
            0.17380499839782715,
            2.6108920574188232,
            -1.2359577417373657,
            0.38711947202682495,
            0.9539166688919067,
            0.9181398153305054,
            1.3665239810943604,
            1.6250776052474976,
            1.5239228010177612,
            -1.1284551620483398,
            0.3175056576728821,
            -5.225394248962402,
            0.6936857104301453,
            -0.5493433475494385,
            -0.999580442905426
        ],
        [
            -0.097288116812706,
            -3.5437231063842773,
            -1.292132019996643,
            2.780874490737915,
            1.0601472854614258,
            0.17380499839782715,
            2.826514959335327,
            -0.6114696860313416,
            5.526864528656006,
            0.7039023637771606,
            0.9630171060562134,
            1.1367135047912598,
            0.3193288743495941,
            1.1896123886108398,
            -0.9618147611618042,
            0.3017483651638031,
            -2.0394880771636963,
            0.4861757159233093,
            -2.008516788482666,
            -1.046862006187439
        ],
        [
            0.14151081442832947,
            -3.6532297134399414,
            -4.4579339027404785,
            6.454184532165527,
            1.795555830001831,
            0.17380499839782715,
            -0.5046460032463074,
            -1.9562592506408691,
            1.9312694072723389,
            1.2468531131744385,
            0.9861953854560852,
            1.6357879638671875,
            2.8148162364959717,
            1.9087227582931519,
            -1.301305890083313,
            0.2936100959777832,
            -8.338532447814941,
            0.9409204721450806,
            -3.7049977779388428,
            -1.071281909942627
        ],
        [
            0.04696796461939812,
            -2.6652870178222656,
            -1.1889357566833496,
            2.489987850189209,
            0.9923301339149475,
            0.17380499839782715,
            1.9331789016723633,
            -0.5646804571151733,
            -0.8599733710289001,
            0.6779612898826599,
            0.7770880460739136,
            1.1128686666488647,
            0.7212677001953125,
            1.1658324003219604,
            -0.9799101948738098,
            0.3670314848423004,
            -2.6879665851593018,
            0.4581679701805115,
            -1.7221523523330688,
            -0.8509718775749207
        ],
        [
            0.6158508062362671,
            -0.9133795499801636,
            -0.37972742319107056,
            1.2482376098632812,
            1.653119444847107,
            0.17380499839782715,
            0.15155570209026337,
            -0.22975437343120575,
            -0.9055696129798889,
            0.6836344599723816,
            0.40628042817115784,
            1.1180833578109741,
            0.6865731477737427,
            1.2630709409713745,
            -1.0850332975387573,
            0.497228741645813,
            -2.881598472595215,
            0.6870384216308594,
            -0.8647828698158264,
            -0.460299015045166
        ],
        [
            0.21909844875335693,
            -0.862849235534668,
            -1.0573077201843262,
            2.097015142440796,
            0.5025150179862976,
            -0.7504987120628357,
            0.10016820579767227,
            -0.5014058947563171,
            -0.51621013879776,
            0.5764163732528687,
            0.07545410841703415,
            1.0195295810699463,
            1.7571996450424194,
            0.9985800981521606,
            -0.9025096893310547,
            0.37238091230392456,
            -4.081444263458252,
            0.25735247135162354,
            -1.1509382724761963,
            -0.39913320541381836
        ],
        [
            -0.9406630992889404,
            -0.35487958788871765,
            -1.1153737306594849,
            1.9418647289276123,
            0.5529347062110901,
            0.17380499839782715,
            -0.41641753911972046,
            -0.5208443999290466,
            0.29960280656814575,
            0.5909074544906616,
            0.2880687415599823,
            1.032849669456482,
            2.05264949798584,
            1.055853009223938,
            -1.0048677921295166,
            0.538735032081604,
            -4.754139423370361,
            0.2911396324634552,
            -1.0628396272659302,
            -0.3357544243335724
        ],
        [
            1.3045737743377686,
            2.693654775619507,
            3.3774874210357666,
            -0.9205486178398132,
            1.6474964618682861,
            0.17380499839782715,
            -3.5166616439819336,
            1.361699104309082,
            -2.9863522052764893,
            0.1854529082775116,
            -0.35718196630477905,
            0.6601600646972656,
            4.900444507598877,
            0.7220044732093811,
            -0.9477351903915405,
            0.7652943730354309,
            -8.915063858032227,
            0.5081958174705505,
            -0.5663524866104126,
            0.3440646231174469
        ]
    ],