{
    "mat_eigenvals": [
        -10.023808479309082,
        -8.224353790283203,
        -7.9567484855651855,
        -7.9567484855651855,
        -7.305672645568848,
        -7.305672645568848,
        -6.607237815856934,
        -6.607237815856934,
        -5.222965717315674,
        -5.222965717315674,
        -4.092759609222412,
        -4.092759609222412,
        -3.7856569290161133,
        -3.0676429271698,
        -2.776676893234253,
        -2.776676893234253,
        -2.522164821624756,
        -2.522164821624756,
        -0.7432689070701599,
        -0.5000001788139343
    ],
    "mean": [
        [
            -0.029348190873861313,
            -0.22637994587421417,
            2.1162028312683105,
            -1.7633224725723267,
            3.8108766078948975,
            -1.0216681957244873,
            2.1222169399261475,
            -2.730217456817627,
            -1.3970308303833008,
            0.029759502038359642,
            -1.8259674310684204,
            -1.2428531646728516,
            0.8213843107223511,
            0.13831956684589386,
            1.6921178102493286,
            -0.8113477230072021,
            -2.2428460121154785,
            0.13571034371852875,
            0.3829677999019623,
            1.1644227504730225
        ],
        [
            0.17178109288215637,
            -0.22250796854496002,
            2.2377192974090576,
            -2.9445290565490723,
            3.9438278675079346,
            -1.0017517805099487,
            2.270195245742798,
            -2.8902504444122314,
            -1.46680748462677,
            -0.006147229112684727,
            -2.726691961288452,
            -1.2851272821426392,
            2.6686809062957764,
            0.17965242266654968,
            1.7636619806289673,
            -0.8115131258964539,
            -2.3802902698516846,
            0.18872302770614624,
            0.3698132038116455,
            1.1555145978927612
        ],
        [
            -0.14533497393131256,
            -0.22861284017562866,
            2.0461273193359375,
            1.0813976526260376,
            3.734206438064575,
            -1.033153772354126,
            2.0368804931640625,
            -2.6379287242889404,
            -1.3567922115325928,
            0.05046611279249191,
            -1.3065396547317505,
            -1.2184747457504272,
            3.669928550720215,
            0.11448386311531067,
            1.650860071182251,
            -0.8112522959709167,
            -2.163585662841797,
            0.10513907670974731,
            0.3905538320541382,
            1.1695600748062134
        ],
        [
            0.8468541502952576,
            -2.712529182434082,
            2.4878950119018555,
            -1.6035864353179932,
            6.750000953674316,
            -2.16085147857666,
            1.9190126657485962,
            -5.628150463104248,
            -1.759016752243042,
            0.23348979651927948,
            -1.652866005897522,
            -1.994249701499939,
            2.50288462638855,
            3.0295917987823486,
            5.085599422454834,
            -2.7788491249084473,
            -3.5401124954223633,
            -2.7966909408569336,
            0.4576055407524109,
            1.6739588975906372
        ],
        [
            -0.14817088842391968,
            1.5141228437423706,
            0.33488741517066956,
            -1.1452866792678833,
            1.5020153522491455,
            -1.4547139406204224,
            0.49226248264312744,
            -0.26284077763557434,
            -0.5046184659004211,
            0.030564868822693825,
            -0.9986554980278015,
            -0.6996749043464661,
            -0.8291590809822083,
            -0.18764086067676544,
            0.6113431453704834,
            -0.9837150573730469,
            -0.3359006345272064,
            0.19809943437576294,
            0.38326284289360046,
            1.3581165075302124
        ],
        [
            0.7329338788986206,
            0.20974892377853394,
            -3.779099702835083,
            3.2874014377593994,
            -5.041876316070557,
            -1.1682559251785278,
            -2.6551201343536377,
            4.588382244110107,
            1.5244503021240234,
            -1.4730035066604614,
            2.6316277980804443,
            1.5908750295639038,
            -4.088381767272949,
            -0.31453239917755127,
            -2.560624599456787,
            -1.3543423414230347,
            5.528600215911865,
            0.39819350838661194,
            -0.16757778823375702,
            1.229988932609558
        ],
        [
            -0.6809554696083069,
            0.8937147259712219,
            1.3330847024917603,
            -1.589088797569275,
            1.4207490682601929,
            -1.154644250869751,
            2.7008137702941895,
            -0.580988883972168,
            -1.2431044578552246,
            -0.4367365539073944,
            -1.8266040086746216,
            -0.6744341850280762,
            -0.5767395496368408,
            0.010103547014296055,
            0.4129982590675354,
            -0.8160316944122314,
            -0.9398850202560425,
            2.8882346153259277,
            0.21206440031528473,
            1.223900556564331
        ],
        [
            0.003202886786311865,
            -0.5278629064559937,
            2.0840749740600586,
            -1.2351734638214111,
            4.05384635925293,
            -1.2107245922088623,
            2.0917763710021973,
            -2.9766037464141846,
            -0.7376050353050232,
            0.03756675496697426,
            -1.5529462099075317,
            -1.3057317733764648,
            0.7770846486091614,
            0.2569730281829834,
            2.1003518104553223,
            -1.1124107837677002,
            -2.3108906745910645,
            -0.13137945532798767,
            0.38582801818847656,
            1.2489842176437378
        ],
        [
            -0.5966270565986633,
            1.1085031032562256,
            3.0299835205078125,
            -2.5977258682250977,
            3.516449213027954,
            0.7878746390342712,
            2.890951156616211,
            -2.2585489749908447,
            -1.6150468587875366,
            0.17736436426639557,
            -2.5889625549316406,
            -1.2010329961776733,
            0.7126333713531494,
            -1.0657670497894287,
            -2.035637617111206,
            0.5103198289871216,
            -2.769374370574951,
            1.6062649488449097,
            0.4370436370372772,
            0.3550473749637604
        ],
        [
            0.8414826393127441,
            -4.935741424560547,
            3.469999074935913,
            -3.9722506999969482,
            13.019879341125488,
            -4.245977401733398,
            4.555615425109863,
            -10.879912376403809,
            -3.574352264404297,
            0.7828212976455688,
            -3.6426734924316406,
            -4.3246331214904785,
            5.287459850311279,
            2.45464825630188,
            10.76042366027832,
            -5.280490875244141,
            -7.4541096687316895,
            -4.05381441116333,
            0.6588560342788696,
            6.563873291015625
        ],
        [
            0.13834361732006073,
            -0.851263165473938,
            2.348259210586548,
            -1.611527681350708,
            4.622174263000488,
            -1.1626783609390259,
            2.17315936088562,
            -3.436279773712158,
            -1.5333184003829956,
            0.4034445583820343,
            -1.8577826023101807,
            -1.2960574626922607,
            1.6460394859313965,
            0.7330196499824524,
            2.4600141048431396,
            -1.1714649200439453,
            -2.4665215015411377,
            -0.4431215822696686,
            -1.1159412860870361,
            1.2274941205978394
        ]
    ],