{
    "mat_eigenvals": [
        -10.397307395935059,
        -8.7255220413208,
        -8.7255220413208,
        -7.524621486663818,
        -7.196147441864014,
        -7.022036552429199,
        -7.022036552429199,
        -6.600189208984375,
        -6.122323513031006,
        -6.122323513031006,
        -4.915888786315918,
        -4.915888786315918,
        -4.678213119506836,
        -4.254694938659668,
        -4.105955600738525,
        -3.219874858856201,
        -3.0577263832092285,
        -2.4226009845733643,
        -2.1019809246063232,
        -0.4999998211860657
    ],
    "mean": [
        [
            -0.5226078629493713,
            0.0018639343325048685,
            -0.08440542221069336,
            -0.8190167546272278,
            -0.17331212759017944,
            -1.5702004432678223,
            0.044099416583776474,
            -0.08986449986696243,
            0.3068822920322418,
            -1.7267476320266724,
            -0.42277008295059204,
            0.8544632196426392,
            0.11958632618188858,
            0.09948687255382538,
            -0.2520822584629059,
            -0.2526450753211975,
            0.08586098253726959,
            0.009764154441654682,
            -0.6202268600463867,
            0.3854185938835144
        ],
        [
            4.575092792510986,
            0.05838390812277794,
            1.0148544311523438,
            -11.082226753234863,
            -1.8539104461669922,
            -2.346285581588745,
            5.301866054534912,
            -1.7255504131317139,
            -0.054375022649765015,
            -2.159935235977173,
            -0.514992892742157,
            1.127281904220581,
            -2.7956228256225586,
            0.42766618728637695,
            -12.797843933105469,
            0.25951939821243286,
            -3.230402708053589,
            -5.50620174407959,
            2.693312883377075,
            2.5047619342803955
        ],
        [
            -0.5226078629493713,
            0.0018639343325048685,
            -0.08440542221069336,
            -0.8190167546272278,
            -0.17331212759017944,
            -1.5702004432678223,
            0.044099416583776474,
            -0.08986449986696243,
            0.3068822920322418,
            -1.7267476320266724,
            -0.42277008295059204,
            0.8544632196426392,
            0.11958632618188858,
            2.1065890789031982,
            -0.2520822584629059,
            -0.2526450753211975,
            0.08586098253726959,
            0.009764154441654682,
            -0.6202268600463867,
            0.3854185938835144
        ],
        [
            -0.5226078629493713,
            0.0018639343325048685,
            -0.08440542221069336,
            -0.8190167546272278,
            -0.17331212759017944,
            -1.5702004432678223,
            0.044099416583776474,
            -0.08986449986696243,
            0.3068822920322418,
            -1.7267476320266724,
            -0.42277008295059204,
            0.8544632196426392,
            -0.5702847838401794,
            0.09948687255382538,
            -0.2520822584629059,
            -0.2526450753211975,
            0.08586098253726959,
            0.009764154441654682,
            -0.6202268600463867,
            0.3854185938835144
        ],
        [
            -1.6665748357772827,
            -0.24992257356643677,
            -0.3485284149646759,
            -1.2277061939239502,
            0.20578289031982422,
            -4.004451751708984,
            -1.150502324104309,
            0.2778729796409607,
            0.39368271827697754,
            -2.655695676803589,
            -0.011934400536119938,
            1.4395091533660889,
            0.0629756972193718,
            1.2827634811401367,
            -0.5866127610206604,
            -0.38052311539649963,
            0.2547534704208374,
            1.2475930452346802,
            -1.3922375440597534,
            0.2774835526943207
        ],
        [
            -2.951606512069702,
            -0.14171403646469116,
            0.06261570006608963,
            2.284252643585205,
            0.5522922277450562,
            -0.34727826714515686,
            -4.401533603668213,
            0.6635295748710632,
            0.2585656940937042,
            -0.9895434975624084,
            -0.18849635124206543,
            0.39017587900161743,
            1.0366135835647583,
            -0.39808815717697144,
            2.288081407546997,
            0.001190560287795961,
            1.0381461381912231,
            2.638061761856079,
            -1.1057769060134888,
            -0.22316351532936096
        ],
        [
            -3.4174246788024902,
            -3.339735269546509,
            0.09081047773361206,
            2.8793771266937256,
            0.6914440989494324,
            -0.11275400966405869,
            -2.2670891284942627,
            0.8080105781555176,
            0.24929986894130707,
            -0.8481671810150146,
            -0.14356884360313416,
            0.30113786458969116,
            1.2124754190444946,
            -0.49350982904434204,
            2.7752177715301514,
            0.04986955225467682,
            1.2207692861557007,
            3.1421000957489014,
            -1.1988927125930786,
            -0.33987343311309814
        ],
        [
            -2.8926336765289307,
            -0.0673888549208641,
            -0.3483327031135559,
            4.759459495544434,
            0.5803335309028625,
            -0.895070493221283,
            -2.1918225288391113,
            0.6610231995582581,
            0.39361852407455444,
            -1.3297926187515259,
            -0.3097715675830841,
            0.6044628620147705,
            1.685137152671814,
            -0.17879709601402283,
            4.31414794921875,
            -0.30733123421669006,
            1.3963347673416138,
            2.574249744415283,
            -1.7579559087753296,
            -0.45207297801971436
        ],
        [
            0.7425457835197449,
            -0.3668240010738373,
            0.7427787184715271,
            -0.638131856918335,
            -0.6525377035140991,
            0.9878168106079102,
            1.8167189359664917,
            -0.5172919034957886,
            0.035039082169532776,
            3.256817102432251,
            0.17881172895431519,
            -2.2841579914093018,
            0.10827741026878357,
            -0.9167798161506653,
            -0.10401995480060577,
            0.28592005372047424,
            -0.14145278930664062,
            -1.3591952323913574,
            1.1056702136993408,
            0.5306892395019531
        ],
        [
            -0.5682339072227478,
            0.05528342351317406,
            1.9930208921432495,
            -1.7396488189697266,
            0.10079290717840195,
            -1.9576510190963745,
            -0.26461124420166016,
            -0.8745306730270386,
            -0.3758365213871002,
            -1.968255639076233,
            -0.5099338293075562,
            1.0065633058547974,
            -0.22956573963165283,
            0.25428545475006104,
            -1.0056606531143188,
            -0.3334929347038269,
            -0.04260111227631569,
            0.05913376063108444,
            -1.155319333076477,
            0.4675155580043793
        ],
        [
            -2.73964262008667,
            0.09885308146476746,
            -1.261602520942688,
            1.3619672060012817,
            0.6359505653381348,
            -2.1218087673187256,
            -2.8324217796325684,
            0.64859938621521,
            0.6937527060508728,
            -2.091550350189209,
            -0.5810256600379944,
            1.084213376045227,
            0.7927879691123962,
            0.3123610317707062,
            1.5331504344940186,
            -0.9942804574966431,
            0.8576491475105286,
            2.408705472946167,
            -3.200775623321533,
