{
    "mat_eigenvals": [
        -8.09234619140625,
        -8.09234619140625,
        -7.663398265838623,
        -7.639335632324219,
        -7.000861644744873,
        -7.000861644744873,
        -6.762743949890137,
        -6.043624401092529,
        -4.757854461669922,
        -4.757854461669922,
        -4.433473110198975,
        -4.433473110198975,
        -4.020437240600586,
        -3.3120296001434326,
        -3.3120296001434326,
        -3.169645309448242,
        -2.3329057693481445,
        -1.3505520820617676,
        -0.8162974715232849,
        -0.5
    ],
    "mean": [
        [
            -1.5044479370117188,
            0.6061930060386658,
            -2.2927207946777344,
            -0.4692942202091217,
            0.7541599273681641,
            0.43301528692245483,
            -1.8246759176254272,
            0.738134503364563,
            -0.5589289665222168,
            1.2830101251602173,
            0.8998833894729614,
            0.5213935971260071,
            0.7304853200912476,
            -0.9935006499290466,
            1.6825408935546875,
            -1.0428078174591064,
            0.8301509618759155,
            -0.14393509924411774,
            0.2593878209590912,
            1.174878716468811
        ],
        [
            -1.5044479370117188,
            0.6061930060386658,
            -2.2927207946777344,
            -0.4692942202091217,
            0.7541599273681641,
            0.43301528692245483,
            -1.8246759176254272,
            0.738134503364563,
            -0.5589289665222168,
            1.2830101251602173,
            0.8998833894729614,
            0.5213935971260071,
            0.7304853200912476,
            -0.9935006499290466,
            1.6825408935546875,
            -1.0428078174591064,
            -0.07403338700532913,
            -0.14393509924411774,
            0.2593878209590912,
            1.174878716468811
        ],
        [
            -1.9542592763900757,
            1.3477014303207397,
            -0.8827153444290161,
            -0.4692942202091217,
            0.765053927898407,
            -0.13083390891551971,
            -0.4121520221233368,
            0.5235173106193542,
            -0.8310410380363464,
            0.7266539335250854,
            0.9258511066436768,
            0.9401739835739136,
            0.9158323407173157,
            -0.897026777267456,
            1.8702435493469238,
            -0.5090698003768921,
            0.7426244020462036,
            -0.14393509924411774,
            0.6754416823387146,
            0.7860262393951416
        ],
        [
            -2.3603103160858154,
            0.8650622367858887,
            -4.1107611656188965,
            1.3944647312164307,
            1.1315604448318481,
            1.4217725992202759,
            -3.645963668823242,
            1.3610402345657349,
            -0.8657073378562927,
            2.8977811336517334,
            1.7994847297668457,
            1.0724488496780396,
            0.7512585520744324,
            -2.041020154953003,
            2.3358166217803955,
            -1.7989697456359863,
            1.5461719036102295,
            -0.14393509924411774,
            0.4721554219722748,
            2.0062057971954346
        ],
        [
            -7.800698280334473,
            1.0770354270935059,
            -5.599450588226318,
            -0.4692942202091217,
            1.8943201303482056,
            2.525546073913574,
            -5.137312412261963,
            1.8711025714874268,
            -0.6189847588539124,
            4.220025539398193,
            3.6176598072052,
            4.00765323638916,
            2.016331434249878,
            -2.550260305404663,
            7.1724162101745605,
            -2.4945287704467773,
            3.7912399768829346,
            -0.14393509924411774,
            0.4876337945461273,
            4.2722368240356445
        ],
        [
            -2.1002211570739746,
            0.6707286834716797,
            -2.745954990386963,
            -0.4692942202091217,
            0.1379491686820984,
            0.7861802577972412,
            -2.278719902038574,
            0.8934239149093628,
            -0.4548338055610657,
            1.6855695247650146,
            1.5396077632904053,
            0.8401840329170227,
            0.8430065512657166,
            -1.12825608253479,
            2.215376138687134,
            -1.2590174674987793,
            1.1513190269470215,
            -0.14393509924411774,
            0.254861056804657,
            1.51847505569458
        ],
        [
            -6.972649097442627,
            1.1985225677490234,
            -6.452654838562012,
            -0.4692942202091217,
            3.2174108028411865,
            3.6744801998138428,
            -5.992040634155273,
            2.163431406021118,
            0.3964904546737671,
            4.977837085723877,
            6.771484375,
            3.447359085083008,
            1.7632421255111694,
            -2.2303307056427,
            6.573080062866211,
            -3.0272529125213623,
            3.7779388427734375,
            -0.14393509924411774,
            0.21783988177776337,
            4.328517913818359
        ],
        [
            4.4230637550354,
            0.3691086173057556,
            -0.627675473690033,
            -0.4692942202091217,
            0.18005245923995972,
            -0.6206417679786682,
            -0.15665647387504578,
            0.16764836013317108,
            -0.5286890268325806,
            -0.19587235152721405,
            -0.4686049520969391,
            -1.2340506315231323,
            0.08302043378353119,
            -0.20962168276309967,
            -1.0817888975143433,
            -0.31181904673576355,
            -0.6608527898788452,
            -0.14393509924411774,
            0.14445865154266357,
            -0.38474127650260925
        ],
        [
            0.15012620389461517,
            0.5278452038764954,
            -1.742483139038086,
            -0.4692942202091217,
            0.14099672436714172,
            5.046947002410889,
            -1.2734556198120117,
            0.549609363079071,
            7.851158142089844,
            0.7942926287651062,
            -0.561701238155365,
            -1.5224121809005737,
            0.7572195529937744,
            5.145013809204102,
            1.5986378192901611,
            -2.0898079872131348,
            0.6573315858840942,
            -0.14393509924411774,
            -2.4566445350646973,
            0.9652182459831238
        ],
        [
            -1.985123872756958,
            0.6541173458099365,
            -2.629293918609619,
            -0.4692942202091217,
            0.7584454417228699,
            1.9557256698608398,
            -2.1618504524230957,
            0.8534528017044067,
            1.652112603187561,
            1.5819514989852905,
            0.9100986123085022,
            0.489906370639801,
            0.9248949289321899,
            0.39989662170410156,
            2.460293769836426,
            -1.5306792259216309,
            1.2159795761108398,
            1.307981252670288,
            -0.4242362082004547,
            1.5708385705947876
        ],
        [
            -1.9110512733459473,
            0.6060903668403625,
            -2.2920000553131104,
            -0.4692942202091217,
            1.0385686159133911,
            -6.257549285888672,
            -1.8239541053771973,
            0.7378875017166138,
            -6.2058539390563965,
            1.2823699712753296,
            1.5778226852416992,
            1.5045980215072632,
            0.5683965682983398,
            -4.945618629455566,
            1.1236424446105957,
            0.6947969198226929,
            0.6144512295722961,
            -0.14393509924411774,
            2.0596508979797363,
            0.9686724543571472
        ]
    ],