{
    "mat_eigenvals": [
        -9.50777816772461,
        -8.605329513549805,
        -8.605329513549805,
        -8.366827011108398,
        -8.266314506530762,
        -7.286919116973877,
        -6.227566242218018,
        -6.227566242218018,
        -5.793571472167969,
        -5.138462066650391,
        -5.138462066650391,
        -4.997898101806641,
        -4.997898101806641,
        -3.7090864181518555,
        -3.7090864181518555,
        -3.3478851318359375,
        -3.3478851318359375,
        -3.1292548179626465,
        -2.221313238143921,
        -0.4999997913837433
    ],
    "mean": [
        [
            -1.5663777589797974,
            -1.6460955142974854,
            -1.9104524850845337,
            -0.3706268072128296,
            2.294297933578491,
            0.49656182527542114,
            0.7961827516555786,
            -0.7937982678413391,
            -1.1537829637527466,
            -0.42935311794281006,
            0.4327961802482605,
            1.2432790994644165,
            0.7664280533790588,
            0.30293330550193787,
            0.1598694622516632,
            0.716303288936615,
            -0.17734351754188538,
            0.5880089998245239,
            -0.15368187427520752,
            -1.708694338798523
        ],
        [
            -1.824243426322937,
            -1.9064364433288574,
            -1.936813235282898,
            -0.3706268072128296,
            2.529916524887085,
            0.3241191804409027,
            0.8165825009346008,
            -0.7103185057640076,
            -1.1551322937011719,
            -0.6162948608398438,
            0.5988890528678894,
            1.3739198446273804,
            0.8518639802932739,
            0.30293330550193787,
            0.183403879404068,
            0.8703275322914124,
            0.6127369403839111,
            0.3080998659133911,
            -0.24471811950206757,
            -2.168921947479248
        ],
        [
            -2.4586472511291504,
            -2.0323150157928467,
            -1.6393343210220337,
            -0.3706268072128296,
            3.7490665912628174,
            0.9663376212120056,
            0.5895839929580688,
            -0.925940752029419,
            -1.864372730255127,
            -1.4726043939590454,
            0.7686541080474854,
            1.7775623798370361,
            1.7546058893203735,
            0.30293330550193787,
            -0.5145048499107361,
            2.098647356033325,
            0.16470320522785187,
            0.7421108484268188,
            -0.28873559832572937,
            -2.391449451446533
        ],
        [
            -2.3008928298950195,
            -2.2162861824035645,
            -1.7638278007507324,
            -0.3706268072128296,
            4.727179050445557,
            0.8554683923721313,
            0.8209105730056763,
            -0.9930939078330994,
            -1.9578964710235596,
            -1.0533337593078613,
            1.1870319843292236,
            2.21282696723938,
            1.835004210472107,
            0.30293330550193787,
            0.9999119639396667,
            1.053642988204956,
            0.027238549664616585,
            0.5282149314880371,
            -0.35306695103645325,
            -2.716671943664551
        ],
        [
            -4.840579032897949,
            -3.2342958450317383,
            -4.861454963684082,
            -0.3706268072128296,
            6.497508525848389,
            1.3355268239974976,
            2.539945363998413,
            -1.5357149839401245,
            -3.0935778617858887,
            -1.5140244960784912,
            1.3445587158203125,
            2.7638161182403564,
            3.083582639694214,
            0.30293330550193787,
            -1.4715545177459717,
            1.6559234857559204,
            0.17828334867954254,
            1.290036916732788,
            -0.7090455293655396,
            -4.516297340393066
        ],
        [
            -0.9306058287620544,
            -1.2011953592300415,
            -2.3150951862335205,
            -0.3706268072128296,
            1.0333529710769653,
            0.279275506734848,
            0.843795895576477,
            -0.7260071635246277,
            -0.6394838690757751,
            0.3979926109313965,
            -0.7753567695617676,
            0.41805678606033325,
            0.023428430780768394,
            0.30293330550193787,
            0.6704685091972351,
            0.4530889093875885,
            -0.44860216975212097,
            0.428845077753067,
            0.0018913332605734468,
            -0.9222044944763184
        ],
        [
            1.648478627204895,
            3.8304977416992188,
            0.32020801305770874,
            -0.3706268072128296,
            -3.7661800384521484,
            -0.5785039663314819,
            -1.2469611167907715,
            -0.05044490471482277,
            1.249934196472168,
            1.3228981494903564,
            -1.3418997526168823,
            -1.1308035850524902,
            -2.2805402278900146,
            0.30293330550193787,
            0.3732600510120392,
            -0.5346964597702026,
            -0.7518472671508789,
            0.16235433518886566,
            1.7613798379898071,
            2.029317617416382
        ],
        [
            -1.5663777589797974,
            -1.6460955142974854,
            -1.9104524850845337,
            -0.3706268072128296,
            2.294297933578491,
            1.2078012228012085,
            0.7961827516555786,
            -0.7937982678413391,
            -1.1537829637527466,
            -0.42935311794281006,
            0.4327961802482605,
            1.2432790994644165,
            0.7664280533790588,
            0.30293330550193787,
            0.1598694622516632,
            0.716303288936615,
            -0.17734351754188538,
            0.5880089998245239,
            -0.15368187427520752,
            -1.708694338798523
        ],
        [
            -3.6857645511627197,
            -3.0280001163482666,
            -0.3480795919895172,
            -0.3706268072128296,
            6.289695739746094,
            1.0669810771942139,
            -0.24442318081855774,
            -1.064107894897461,
            -2.3469252586364746,
            -1.6152936220169067,
            1.6668477058410645,
            5.489270210266113,
            2.377333879470825,
            0.30293330550193787,
            -1.476657509803772,
            1.533873438835144,
            0.21148617565631866,
            1.4948365688323975,
            -0.6369078755378723,
            -4.151610374450684
        ],
        [
            -4.079069137573242,
            -4.040999412536621,
            -2.803886890411377,
            -0.3706268072128296,
            6.516709327697754,
            1.3655166625976562,
            1.6354621648788452,
            -1.2818341255187988,
            -2.96484637260437,
            -2.235839605331421,
            2.118654251098633,
            3.074794054031372,
            3.134036064147949,
            0.30293330550193787,
            -0.9424038529396057,
            2.1331911087036133,
            0.4149421453475952,
            1.0495470762252808,
            -0.9911349415779114,
            -5.942380905151367
        ],
        [
            0.11594577878713608,
            -0.15888838469982147,
            -1.7854384183883667,
            -0.3706268072128296,
            -1.5437688827514648,
            -0.014823513105511665,
            0.5198438763618469,
            -0.5402964353561401,
            1.8091650009155273,
            0.8779663443565369,
            -0.9517254829406738,
            -0.3631269335746765,
            -0.6720609068870544,
            0.30293330550193787,
            1.6247469186782837,
            -0.16356705129146576,
            -0.6059691905975342,
            0.09834466874599457,
            0.36636653542518616,
            0.9203757643699646
        ]
    ],