{
    "mat_eigenvals": [
        -9.353508949279785,
        -8.95970630645752,
        -8.73751163482666,
        -7.869875431060791,
        -7.753373146057129,
        -7.302865505218506,
        -6.344707489013672,
        -5.680149555206299,
        -4.739181041717529,
        -4.427661418914795,
        -3.987226963043213,
        -3.4134135246276855,
        -3.2068123817443848,
        -3.1220319271087646,
        -3.1220319271087646,
        -2.5846753120422363,
        -2.5846753120422363,
        -2.5182087421417236,
        -2.133274793624878,
        -0.5000001192092896
    ],
    "mean": [
        [
            -0.33528855443000793,
            -0.4880848526954651,
            0.8786600232124329,
            0.06483384966850281,
            0.6933261156082153,
            0.45986154675483704,
            -0.7086160778999329,
            0.49033400416374207,
            -0.400344580411911,
            -0.8156993985176086,
            -0.4146978259086609,
            -0.45283129811286926,
            -0.2513590157032013,
            0.7776069641113281,
            0.29759931564331055,
            0.2078593224287033,
            -1.5012891292572021,
            0.40709441900253296,
            -0.40099984407424927,
            -0.6195619702339172
        ],
        [
            -0.33528855443000793,
            -0.4880848526954651,
            4.476253509521484,
            0.06483384966850281,
            3.0581820011138916,
            0.3426138162612915,
            -0.7086160778999329,
            1.0336072444915771,
            -0.400344580411911,
            -0.6663286685943604,
            -0.25736311078071594,
            -2.952941417694092,
            -0.4546281099319458,
            2.03572940826416,
            0.5620599389076233,
            0.2078593224287033,
            -2.5526998043060303,
            0.3052959740161896,
            -2.888385534286499,
            -2.442643642425537
        ],
        [
            -0.33528855443000793,
            -0.4880848526954651,
            -13.301993370056152,
            0.06483384966850281,
            -4.882890224456787,
            -0.513159990310669,
            -0.7086160778999329,
            -1.3129674196243286,
            -0.400344580411911,
            0.423907071352005,
            -0.5704897046089172,
            -0.45283129811286926,
            -1.9382597208023071,
            -7.39560604095459,
            2.492319345474243,
            0.2078593224287033,
            4.636826038360596,
            -0.4377163350582123,
            8.222036361694336,
            5.519721508026123
        ],
        [
            -0.33528855443000793,
            -0.4880848526954651,
            -8.436275482177734,
            0.06483384966850281,
            -2.969557523727417,
            -0.22196052968502045,
            -0.7086160778999329,
            -0.6841596364974976,
            -0.400344580411911,
            0.052925802767276764,
            -0.2250061333179474,
            -0.45283129811286926,
            -1.4334152936935425,
            -1.1431775093078613,
            6.006641387939453,
            0.2078593224287033,
            -0.2396005243062973,
            -0.1848869025707245,
            3.9337828159332275,
            3.3820669651031494
        ],
        [
            -0.33528855443000793,
            -0.4880848526954651,
            2.2053492069244385,
            0.06483384966850281,
            0.9101257920265198,
            0.7324414849281311,
            -0.7086160778999329,
            0.6162724494934082,
            1.1696503162384033,
            -1.1629602909088135,
            -0.5300774574279785,
            0.34939050674438477,
            0.22120557725429535,
            1.041849136352539,
            -0.31722474098205566,
            -0.1999770700931549,
            -1.6035176515579224,
            0.6437578201293945,
            -0.817724883556366,
            -1.0615158081054688
        ],
        [
            -0.33528855443000793,
            -0.4880848526954651,
            -4.034960746765137,
            0.06483384966850281,
            -1.238842248916626,
            -3.824542760848999,
            -0.7086160778999329,
            -0.2621975541114807,
            -0.400344580411911,
            -1.0766242742538452,
            -0.6133009791374207,
            -0.45283129811286926,
            0.10371676087379456,
            -0.449171781539917,
            -0.1643674373626709,
            0.2078593224287033,
            -0.4399648606777191,
            0.584918737411499,
            1.9679419994354248,
            1.903001308441162
        ],
        [
            1.0682623386383057,
            -0.4880848526954651,
            -4.896435737609863,
            0.06483384966850281,
            -2.1800568103790283,
            -0.3916655480861664,
            -0.7086160778999329,
            -0.1368056982755661,
            -0.400344580411911,
            -1.2367948293685913,
            -0.07020683586597443,
            -0.45283129811286926,
            -1.7276281118392944,
            -0.25100696086883545,
            2.21828031539917,
            0.2078593224287033,
            -1.0197278261184692,
            -0.33223065733909607,
            2.223933458328247,
            1.5486189126968384
        ],
        [
            -0.33528855443000793,
            -0.4880848526954651,
            5.236049652099609,
            1.1370924711227417,
            2.406768798828125,
            0.7717841267585754,
            -0.7086160778999329,
            1.041399598121643,
            -0.400344580411911,
            -1.21308171749115,
            -0.4553622901439667,
            -0.45283129811286926,
            0.2894130051136017,
            2.2436976432800293,
            -0.405965119600296,
            0.2078593224287033,
            -2.54750657081604,
            0.6779165267944336,
            -2.4093520641326904,
            -2.4965879917144775
        ],
        [
            -0.33528855443000793,
            -0.4880848526954651,
            4.211904048919678,
            0.06483384966850281,
            2.004047393798828,
            0.6885757446289062,
            -0.7086160778999329,
            0.9142103791236877,
            -0.400344580411911,
            -1.1070759296417236,
            -0.3780781626701355,
            -0.45283129811286926,
            0.14515653252601624,
            2.6987664699554443,
            -0.21828210353851318,
            0.2078593224287033,
            -2.9440877437591553,
            0.6056719422340393,
            -4.453745365142822,
            -2.0626351833343506
        ],
        [
            -0.33528855443000793,
            2.9889073371887207,
            -7.669065952301025,
            0.06483384966850281,
            -2.6678707599639893,
            -0.1479531079530716,
            -0.7086160778999329,
            -0.5916299819946289,
            -0.400344580411911,
            -0.04135794937610626,
            -0.3628029227256775,
            -0.45283129811286926,
            -1.3051104545593262,
            -2.427488327026367,
            1.6685688495635986,
            0.2078593224287033,
            0.8154672384262085,
            -0.1206311285495758,
            4.132962226867676,
            3.065499782562256
        ],
        [
            -0.33528855443000793,
            -0.4880848526954651,
            0.3871099650859833,
            0.06483384966850281,
            0.5000353455543518,
            -0.31823813915252686,
            -0.7086160778999329,
            0.6031960248947144,
            -0.400344580411911,
            0.175581157207489,
            -0.012027977965772152,
            -0.45283129811286926,
            -1.600328803062439,
            0.9570257663726807,
            2.052659034729004,
            0.2078593224287033,
            -1.9550535678863525,
            -0.2684784233570099,
            -0.28051573038101196,
            -0.9496723413467407
        ]
