{
    "mat_eigenvals": [
        -6.948322772979736,
        -6.948322772979736,
        -6.327366352081299,
        -6.327366352081299,
        -6.151081085205078,
        -5.702662944793701,
        -5.1340413093566895,
        -5.1340413093566895,
        -4.910359859466553,
        -2.850799798965454,
        -2.850799798965454,
        -2.0256385803222656,
        -2.0256385803222656,
        -1.7766571044921875,
        -1.6543605327606201,
        -1.6543605327606201,
        -1.652846336364746,
        -1.3355939388275146,
        -1.3355939388275146,
        -0.5
    ],
    "mean": [
        [
            1.1920689344406128,
            0.1815508008003235,
            -0.5406044721603394,
            0.0232465248554945,
            -0.17631998658180237,
            -0.20943783223628998,
            -0.06373430043458939,
            -1.0245585441589355,
            -0.12989945709705353,
            -0.22264084219932556,
            0.7163339853286743,
            -1.249802827835083,
            0.06719931215047836,
            0.22779737412929535,
            -0.5496247410774231,
            -0.9081805348396301,
            -1.6104108095169067,
            -0.422018438577652,
            3.111180543899536,
            0.9736027121543884
        ],
        [
            0.8153358697891235,
            0.08878195285797119,
            -0.5406044721603394,
            0.04276657849550247,
            -0.27994444966316223,
            -0.18204817175865173,
            -1.4888803958892822,
            -0.5073308944702148,
            -0.6032584309577942,
            -0.29146134853363037,
            1.6010162830352783,
            -0.8135902881622314,
            0.06719931215047836,
            -0.04916652664542198,
            -1.195164680480957,
            -1.0391921997070312,
            0.35150420665740967,
            0.011410324834287167,
            1.0233327150344849,
            0.7929146885871887
        ],
        [
            0.7420775890350342,
            0.14675527811050415,
            -0.5406044721603394,
            -0.13314704596996307,
            -1.0339208841323853,
            0.4451019763946533,
            -0.2853201925754547,
            -1.7638810873031616,
            0.0674610286951065,
            -0.9978347420692444,
            1.0349289178848267,
            -1.0861892700195312,
            0.06719931215047836,
            1.4662230014801025,
            -0.8680651783943176,
            -0.43111640214920044,
            -1.3053662776947021,
            -1.6147806644439697,
            4.95679235458374,
            0.10737328976392746
        ],
        [
            6.034638404846191,
            1.4404526948928833,
            -0.5406044721603394,
            -0.03190159052610397,
            -0.031675562262535095,
            -0.017989691346883774,
            -0.026361236348748207,
            -1.6949814558029175,
            0.3723379969596863,
            -0.23696279525756836,
            -0.29668110609054565,
            -7.169342517852783,
            0.06719931215047836,
            0.5413622856140137,
            -0.4959159195423126,
            -0.7854483127593994,
            -1.6618599891662598,
            -1.1713594198226929,
            5.552905559539795,
            1.1584714651107788
        ],
        [
            3.327289581298828,
            0.4731462299823761,
            -0.5406044721603394,
            0.33424460887908936,
            -0.4457787573337555,
            -2.2804949283599854,
            -0.1333567202091217,
            -0.16041584312915802,
            0.11758975684642792,
            0.6279914975166321,
            0.9473667144775391,
            -2.620927095413208,
            0.06719931215047836,
            0.18881937861442566,
            -0.6496788859367371,
            -0.6879104375839233,
            -1.5145649909973145,
            2.0513229370117188,
            2.0901405811309814,
            1.131899356842041
        ],
        [
            1.9939062595367432,
            0.24355284869670868,
            -0.5406044721603394,
            0.3019234538078308,
            1.3518344163894653,
            -1.3757590055465698,
            0.3311084806919098,
            0.2928362488746643,
            -0.4815751016139984,
            1.1586732864379883,
            0.14863117039203644,
            -1.5413455963134766,
            0.06719931215047836,
            -1.9789470434188843,
            0.01780281960964203,
            -1.7582590579986572,
            -2.1539673805236816,
            1.7033584117889404,
            -0.1775047332048416,
            -2.1627726554870605
        ],
        [
            2.084749698638916,
            0.4013696014881134,
            -0.5406044721603394,
            -0.023006834089756012,
            0.06922142207622528,
            -0.2743384838104248,
            -0.00029158510733395815,
            -2.2501463890075684,
            0.9917396306991577,
            -0.059568487107753754,
            -1.3799484968185425,
            -2.2834227085113525,
            0.06719931215047836,
            0.8840720653533936,
            -0.45845142006874084,
            -0.5977445244789124,
            -1.6977485418319702,
            -1.4490416049957275,
            8.058403968811035,
            1.4017490148544312
        ],
        [
            0.8323423862457275,
            0.446371853351593,
            -0.5406044721603394,
            -0.5943661332130432,
            1.0176215171813965,
            2.7077248096466064,
            0.24475492537021637,
            -6.258386135101318,
            3.0931458473205566,
            -0.9833732843399048,
            1.398349404335022,
            -2.4950296878814697,
            0.06719931215047836,
            2.39094614982605,
            -0.1062956154346466,
            -0.24516625702381134,
            -2.0350894927978516,
            -7.4474663734436035,
            20.51511001586914,
            2.107572555541992
        ],
        [
            3.026376962661743,
            0.5316789150238037,
            -4.228724956512451,
            -0.24929025769233704,
            1.6644749641418457,
            -1.1736282110214233,
            0.4118882715702057,
            -2.949206590652466,
            0.8859066963195801,
            1.2294480800628662,
            -2.473870277404785,
            -2.896155834197998,
            0.06719931215047836,
            1.7412060499191284,
            0.13389109075069427,
            -1.3860089778900146,
            -2.265171766281128,
            -1.3223179578781128,
            9.108634948730469,
            1.0421736240386963
        ],
        [
            1.1920689344406128,
            0.1815508008003235,
            -0.5406044721603394,
            0.0232465248554945,
            -0.17631998658180237,
            -0.20943783223628998,
            -0.06373430043458939,
            -1.0245585441589355,
            -0.12989945709705353,
            -0.22264084219932556,
            0.7163339853286743,
            -1.249802827835083,
            -1.3638375997543335,
            0.22779737412929535,
            -0.5496247410774231,
            -0.9081805348396301,
            -1.6104108095169067,
            -0.422018438577652,
            3.111180543899536,
            0.9736027121543884
        ],
        [
            0.6364253163337708,
            0.009774469770491123,
            -0.5406044721603394,
            0.597398579120636,
            -0.3859466314315796,
            -0.4549621045589447,
            -0.1178974062204361,
            1.7136558294296265,
            -0.8798061013221741,
            -0.21723175048828125,
            2.2152979373931885,
            -0.44208571314811707,
            0.06719931215047836,
            -0.2367924153804779,
            -0.6274623274803162,
            -1.0944126844406128,
            -1.5358469486236572,
            2.195267915725708,
            -9.751959800720215,
