{
    "mat_eigenvals": [
        -8.652067184448242,
        -8.652067184448242,
        -7.662464618682861,
        -7.662464618682861,
        -6.108271598815918,
        -6.108271598815918,
        -5.844545841217041,
        -5.844545841217041,
        -5.680662631988525,
        -3.942894220352173,
        -3.942894220352173,
        -3.2148914337158203,
        -2.1518449783325195,
        -2.1518449783325195,
        -1.88886559009552,
        -1.88886559009552,
        -1.5433564186096191,
        -1.0368589162826538,
        -1.0368589162826538,
        -0.5000002384185791
    ],
    "mean": [
        [
            -0.2913380563259125,
            -0.9798134565353394,
            -0.6587499380111694,
            -1.278476595878601,
            0.023895641788840294,
            1.586121678352356,
            0.7045990824699402,
            2.6540911197662354,
            -1.0128077268600464,
            -0.46356484293937683,
            1.2932841777801514,
            -0.6050832271575928,
            0.3541504144668579,
            -0.43274834752082825,
            0.636492133140564,
            0.5026045441627502,
            4.1648712158203125,
            0.06622221320867538,
            -1.1062078475952148,
            0.8089125752449036
        ],
        [
            1.7968628406524658,
            -2.550335645675659,
            -0.6587499380111694,
            -3.899962902069092,
            -0.25826966762542725,
            4.723297119140625,
            1.4673258066177368,
            6.892883777618408,
            -2.489164113998413,
            0.21053777635097504,
            2.6194469928741455,
            -2.814507007598877,
            0.6158612966537476,
            -1.0356159210205078,
            1.0199315547943115,
            2.1111490726470947,
            11.810830116271973,
            0.14015018939971924,
            -4.456547737121582,
            1.5774279832839966
        ],
        [
            -1.1964595317840576,
            1.0800272226333618,
            -0.6587499380111694,
            2.5822062492370605,
            0.6078376770019531,
            -2.9491991996765137,
            -0.6296665072441101,
            -4.835799694061279,
            0.3951953053474426,
            -0.7557515501976013,
            -1.3736481666564941,
            0.7310993075370789,
            0.7756376266479492,
            -0.109563909471035,
            -0.2787448763847351,
            -1.2926304340362549,
            -7.6737895011901855,
            -0.3950141370296478,
            2.0982232093811035,
            0.24603664875030518
        ],
        [
            2.524611473083496,
            -0.5898584723472595,
            -0.6587499380111694,
            -0.42839372158050537,
            -2.7600624561309814,
            1.0135608911514282,
            -1.0444175004959106,
            0.5281503200531006,
            -0.895341157913208,
            0.44546574354171753,
            0.8943671584129333,
            -0.8724729418754578,
            0.5123835206031799,
            1.5250754356384277,
            0.7989948987960815,
            3.2572805881500244,
            1.8000171184539795,
            -0.14247596263885498,
            1.7779330015182495,
            3.3234574794769287
        ],
        [
            -0.676712155342102,
            1.3945974111557007,
            -0.6587499380111694,
            0.21474280953407288,
            1.3246759176254272,
            1.8475745916366577,
            0.9183225631713867,
            -2.3668651580810547,
            4.308548927307129,
            -0.5879693031311035,
            -0.7049354910850525,
            0.031008603051304817,
            -1.3803801536560059,
            -0.6795651912689209,
            0.4613650441169739,
            -1.8926293849945068,
            4.470591068267822,
            -0.6763603091239929,
            -2.2297542095184326,
            0.030773594975471497
        ],
        [
            -0.6332278847694397,
            -0.5381630063056946,
            -0.6587499380111694,
            -0.557150661945343,
            0.43970170617103577,
            0.7815230488777161,
            0.8333200216293335,
            1.598556399345398,
            -0.5777913928031921,
            -0.5739321112632751,
            1.0113492012023926,
            -0.38481029868125916,
            0.4590074419975281,
            -0.5781109929084778,
            1.0478296279907227,
            -0.15278826653957367,
            2.890990734100342,
            1.200641393661499,
            1.1929906606674194,
            0.8417673110961914
        ],
        [
            -0.5811254978179932,
            -0.7248936891555786,
            -0.6587499380111694,
            -0.8807106614112854,
            0.46959346532821655,
            1.0862369537353516,
            0.7733439207077026,
            1.6947177648544312,
            -0.7384771108627319,
            -0.5571126341819763,
            1.1223145723342896,
            -0.5343011617660522,
            0.5129772424697876,
            -0.6705314517021179,
            1.298579454421997,
            -0.06391545385122299,
            2.8920838832855225,
            -0.012921474874019623,
            -1.2307616472244263,
            1.0651531219482422
        ],
        [
            -0.9537064433097839,
            -1.6354146003723145,
            3.4162657260894775,
            0.01771094836294651,
            0.15197686851024628,
            0.035416051745414734,
            0.424816757440567,
            -0.004034897778183222,
            0.11214932054281235,
            -0.6773872375488281,
            1.0456972122192383,
            -0.48601898550987244,
            0.6711375713348389,
            -0.6414925456047058,
            1.9340267181396484,
            0.5727436542510986,
            0.48641976714134216,
            0.34000062942504883,
            5.051112651824951,
            2.168182611465454
        ],
        [
            -0.023664100095629692,
            -0.834749162197113,
            -0.6587499380111694,
            -1.5899187326431274,
            -0.14872434735298157,
            0.42265957593917847,
            1.2681831121444702,
            2.6149637699127197,
            -0.1840876191854477,
            -0.37715569138526917,
            1.091719150543213,
            -0.635719358921051,
            0.3197626769542694,
            -0.2875908613204956,
            0.02662281133234501,
            0.6339878439903259,
            5.654151916503906,
            0.004642541985958815,
            -1.4728862047195435,
            0.4918413460254669
        ],
        [
            0.2486572116613388,
            -2.524005651473999,
            -0.6587499380111694,
            -3.5003662109375,
            -0.3424176275730133,
            4.870271682739258,
            1.5280838012695312,
            4.644783020019531,
            -2.9092133045196533,
            -0.2892463207244873,
            2.319380521774292,
            -1.543456792831421,
            0.45268842577934265,
            -0.7115186452865601,
            1.517212152481079,
            1.7549132108688354,
            12.785052299499512,
            0.42676520347595215,
            -2.742793321609497,
            1.9286137819290161
        ],
        [
            -3.5611791610717773,
            -0.4120495319366455,
            -0.6587499380111694,
            -0.5957845449447632,
            -1.2259591817855835,
            0.37785470485687256,
            -0.043379396200180054,
            3.513345956802368,
            -0.1476443111896515,
            -1.5191184282302856,
            1.088632345199585,
            0.28405264019966125,
            -0.6417105197906494,
            -2.2682149410247803,
            0.08386131376028061,
            -3.1277265548706055,
            1.8859319686889648,
            0.060583848506212234,
            -2.8374240398406982,
            -2.357821464538574
        ]
    ],