{
    "mat_eigenvals": [
        -7.494431018829346,
        -7.015378475189209,
        -6.811099052429199,
        -6.390953540802002,
        -6.390953540802002,
        -5.960958957672119,
        -5.7307329177856445,
        -5.7307329177856445,
        -5.536701202392578,
        -5.517342567443848,
        -5.486603736877441,
        -5.069222450256348,
        -3.707943916320801,
        -3.707943916320801,
        -3.6317543983459473,
        -3.6317543983459473,
        -1.9564746618270874,
        -1.8787803649902344,
        -1.8787803649902344,
        -0.5
    ],
    "mean": [
        [
            0.06720540672540665,
            0.31969988346099854,
            -0.4605178236961365,
            -0.5155436396598816,
            0.922390341758728,
            -0.27037930488586426,
            1.409102201461792,
            -0.8541269302368164,
            0.4002417325973511,
            -0.5031947493553162,
            -0.13054023683071136,
            -0.3641182780265808,
            -0.8974044322967529,
            0.4505961537361145,
            0.283224493265152,
            -0.2120063602924347,
            0.5150421261787415,
            0.113070048391819,
            0.16493576765060425,
            -0.30225688219070435
        ],
        [
            0.15294209122657776,
            0.1664842814207077,
            -0.13024969398975372,
            -0.0023126585874706507,
            0.3881996273994446,
            -0.4017143249511719,
            -0.4531848430633545,
            0.6035957336425781,
            0.01002938486635685,
            -1.0064592361450195,
            -0.22252768278121948,
            -0.20383091270923615,
            -2.3158345222473145,
            -0.0037158671766519547,
            0.283224493265152,
            -0.4607073962688446,
            0.37878087162971497,
            1.0154578685760498,
            0.15950413048267365,
            -0.42048075795173645
        ],
        [
            0.06720540672540665,
            0.31969988346099854,
            -0.4605178236961365,
            -0.5155436396598816,
            0.922390341758728,
            -1.7298847436904907,
            1.409102201461792,
            -0.8541269302368164,
            0.4002417325973511,
            -0.5031947493553162,
            -0.13054023683071136,
            -0.3641182780265808,
            -0.8974044322967529,
            0.4505961537361145,
            0.283224493265152,
            -0.2120063602924347,
            0.5150421261787415,
            0.113070048391819,
            0.16493576765060425,
            -0.30225688219070435
        ],
        [
            0.10337039083242416,
            0.44527995586395264,
            -0.7769044041633606,
            -0.7335694432258606,
            1.1999664306640625,
            -0.20520898699760437,
            3.080354690551758,
            1.2830430269241333,
            0.7822245955467224,
            -0.11612199991941452,
            -0.0597904697060585,
            -0.5235186219215393,
            0.15453536808490753,
            0.9590682983398438,
            0.283224493265152,
            -0.5766273140907288,
            0.6675475835800171,
            -0.7843250036239624,
            0.11349886655807495,
            -0.2520340383052826
        ],
        [
            1.1156513690948486,
            0.09960206598043442,
            -0.7481831908226013,
            -2.2107019424438477,
            3.4006645679473877,
            0.27977415919303894,
            3.3402633666992188,
            -0.9602972865104675,
            1.0039386749267578,
            -0.2291467785835266,
            -0.08044932782649994,
            -0.37579241394996643,
            -0.19244784116744995,
            0.9729433655738831,
            0.283224493265152,
            -0.19389274716377258,
            0.6717092990875244,
            0.04734647646546364,
            0.3340689241886139,
            0.08822708576917648
        ],
        [
            0.2862169146537781,
            0.3294428288936615,
            -0.4477839171886444,
            -0.44050511717796326,
            0.8126863241195679,
            -0.29473260045051575,
            1.3236167430877686,
            -0.8494272232055664,
            0.3735182285308838,
            -0.5153258442878723,
            -0.13275760412216187,
            -0.3636014759540558,
            -0.9286103248596191,
            0.4274737536907196,
            2.518791675567627,
            -0.21280820667743683,
            1.0072427988052368,
            0.11597937345504761,
            0.1574488878250122,
            -0.31954219937324524
        ],
        [
            -0.886345624923706,
            -1.2313482761383057,
            -2.369457483291626,
            -5.02622127532959,
            9.918848037719727,
            1.5998682975769043,
            7.9121880531311035,
            -0.6579223275184631,
            3.195497989654541,
            1.6910868883132935,
            0.27053406834602356,
            -0.3425440788269043,
            4.993792533874512,
            3.627289295196533,
            0.283224493265152,
            -0.2454807013273239,
            1.467824101448059,
            0.23452849686145782,
            0.2730596661567688,
            0.7367891073226929
        ],
        [
            0.08385290950536728,
            0.23130106925964355,
            -0.5385329127311707,
            -0.6169291138648987,
            1.2898436784744263,
            0.35380789637565613,
            1.784732460975647,
            -0.9506506323814392,
            0.5753017663955688,
            -0.5545952916145325,
            -0.13993534445762634,
            -1.7744060754776,
            -1.1121670007705688,
            0.6891629695892334,
            0.283224493265152,
            -0.19553853571414948,
            0.5865952372550964,
            0.053318146616220474,
            0.13643191754817963,
            -0.27890244126319885
        ],
        [
            0.7613242268562317,
            0.3505784571170807,
            -0.4201600253582001,
            -0.2777223587036133,
            0.574702262878418,
            -0.3475627601146698,
            1.1381711959838867,
            -0.8392319679260254,
            0.315546452999115,
            -0.5416421294212341,
            -0.13756771385669708,
            -0.36248040199279785,
            -0.9963059425354004,
            0.3773137331008911,
            0.283224493265152,
            -0.21454757452011108,
            2.074986457824707,
            0.1222907155752182,
            0.14120733737945557,
            -0.35703951120376587
        ],
        [
            0.36277610063552856,
            0.2882899045944214,
            -0.512143075466156,
            0.11891162395477295,
            0.3943040668964386,
            -0.40824225544929504,
            1.4056901931762695,
            -1.220946192741394,
            0.48257938027381897,
            -0.6727520823478699,
            -0.1615322232246399,
            -0.40445274114608765,
            -1.4771794080734253,
            0.7129396796226501,
            0.283224493265152,
            -1.7477123737335205,
            0.5937265157699585,
            -0.11400553584098816,
            0.01785101182758808,
            -0.4484052062034607
        ],
        [
            0.06720540672540665,
            0.31969988346099854,
            -0.918596088886261,
            -0.5155436396598816,
            0.922390341758728,
            -0.27037930488586426,
            1.409102201461792,
            -0.8541269302368164,
            0.4002417325973511,
            1.0123343467712402,
            0.1464705765247345,
            -0.3641182780265808,
            -0.8974044322967529,
            0.4505961537361145,
            0.283224493265152,
            -0.2120063602924347,
            0.5150421261787415,
            0.113070048391819,
            0.16493576765060425,
            -0.30225688219070435
        ]
    ],