{
    "mat_eigenvals": [
        -7.409171104431152,
        -7.409171104431152,
        -6.187079906463623,
        -6.131377696990967,
        -5.991581439971924,
        -5.991581439971924,
        -5.142594814300537,
        -5.142594814300537,
        -5.134598731994629,
        -4.852451801300049,
        -4.1240081787109375,
        -4.1240081787109375,
        -2.817636489868164,
        -1.8762085437774658,
        -1.6137230396270752,
        -1.6137230396270752,
        -1.5552120208740234,
        -0.5471013784408569,
        -0.4999999403953552,
        -0.4999999403953552
    ],
    "mean": [
        [
            0.8932580947875977,
            -0.43525683879852295,
            -0.1861620396375656,
            -0.3402065634727478,
            -1.1835449934005737,
            0.24730239808559418,
            -1.1086221933364868,
            0.00746425986289978,
            0.1209426000714302,
            4.011685371398926,
            0.3820926547050476,
            1.6811869144439697,
            -0.5395914316177368,
            2.457326650619507,
            0.9148574471473694,
            2.2196600437164307,
            1.873732089996338,
            -0.4066311717033386,
            -1.6499555110931396,
            -0.32128801941871643
        ],
        [
            0.8054013252258301,
            -0.4927598834037781,
            -0.45060062408447266,
            0.06345491111278534,
            -1.471659541130066,
            -0.6353443264961243,
            -0.28909382224082947,
            0.09575750678777695,
            -0.37394917011260986,
            4.27239465713501,
            0.4880276918411255,
            1.8467003107070923,
            -0.5395914316177368,
            2.8012022972106934,
            1.2151312828063965,
            2.2203519344329834,
            1.8689340353012085,
            -0.4066311717033386,
            -1.5121926069259644,
            -0.33901306986808777
        ],
        [
            0.8932580947875977,
            -0.43525683879852295,
            1.6337363719940186,
            -0.3402065634727478,
            -1.1835449934005737,
            0.24730239808559418,
            -1.1086221933364868,
            0.00746425986289978,
            0.1209426000714302,
            4.011685371398926,
            0.3820926547050476,
            1.6811869144439697,
            -0.5395914316177368,
            2.457326650619507,
            0.9148574471473694,
            2.2196600437164307,
            1.873732089996338,
            -0.4066311717033386,
            -1.6499555110931396,
            -0.32128801941871643
        ],
        [
            0.598078191280365,
            -0.003874402493238449,
            0.16829150915145874,
            0.1650303453207016,
            1.052812933921814,
            0.3427477478981018,
            -0.08287156373262405,
            -0.6549022793769836,
            0.32489094138145447,
            2.1467392444610596,
            0.5146846771240234,
            1.8883494138717651,
            -0.5395914316177368,
            1.0303232669830322,
            1.2906911373138428,
            1.2763737440109253,
            -0.16740812361240387,
            -0.4066311717033386,
            -1.1871020793914795,
            0.09034382551908493
        ],
        [
            1.1337794065475464,
            -1.4204823970794678,
            -1.1863367557525635,
            0.11154501885175705,
            -2.8743672370910645,
            0.16953076422214508,
            -0.1914595365524292,
            1.5202300548553467,
            -0.866754949092865,
            5.267478942871094,
            0.5006482601165771,
            1.8664188385009766,
            -0.5395914316177368,
            6.24023962020874,
            1.2509045600891113,
            2.7147939205169678,
            3.5405001640319824,
            -0.4066311717033386,
            -2.027101993560791,
            -1.1347784996032715
        ],
        [
            0.4416223168373108,
            -0.029318442568182945,
            -0.37210550904273987,
            0.779018759727478,
            -0.4353146255016327,
            0.3933371305465698,
            1.1636706590652466,
            -0.6158342361450195,
            -0.7607320547103882,
            1.0524729490280151,
            0.6758170127868652,
            2.1401031017303467,
            -0.5395914316177368,
            1.3245145082473755,
            1.7474218606948853,
            0.6667444705963135,
            1.809448003768921,
            -0.4066311717033386,
            -0.9417733550071716,
            0.11683603376150131
        ],
        [
            0.7969064116477966,
            -0.29444620013237,
            -1.5076617002487183,
            -0.1752886325120926,
            -0.4535594880580902,
            0.278457373380661,
            -0.7737998366355896,
            -0.20874351263046265,
            -2.6162757873535156,
            3.402935266494751,
            0.4253729283809662,
            1.7488080263137817,
            -0.5395914316177368,
            1.9915279150009155,
            1.0375360250473022,
            1.9117554426193237,
            1.20746910572052,
            -0.4066311717033386,
            -1.49887216091156,
            -0.18692438304424286
        ],
        [
            0.8745905160903931,
            -2.5191080570220947,
            -2.533499002456665,
            2.5681185722351074,
            -0.6042876243591309,
            0.2533385753631592,
            4.7959675788879395,
            3.207115888595581,
            -2.6028873920440674,
            3.0148766040802,
            1.145340085029602,
            2.873688220977783,
            -0.5395914316177368,
            2.282472848892212,
            3.0782887935638428,
            1.2489426136016846,
            1.7565988302230835,
            -0.4066311717033386,
            -1.6206839084625244,
            -1.8878964185714722
        ],
        [
            0.23174963891506195,
            0.15931884944438934,
            -2.3809218406677246,
            1.2991167306900024,
            -0.0876162052154541,
            0.461198627948761,
            2.219592332839966,
            5.539219856262207,
            -1.1704415082931519,
            -0.3226565718650818,
            0.8123090863227844,
            2.353358745574951,
            -0.5395914316177368,
            0.7981032133102417,
            2.134309768676758,
            -0.054886866360902786,
            1.7795753479003906,
            -0.4066311717033386,
            -0.612684965133667,
            -2.84599232673645
        ],
        [
            0.700631856918335,
            -0.7071477174758911,
            -0.9015513062477112,
            0.7434916496276855,
            -1.612272024154663,
            0.30958738923072815,
            1.09154212474823,
            0.4249395430088043,
            -1.0983707904815674,
            6.070751190185547,
            0.66649329662323,
            2.1255359649658203,
            -0.5395914316177368,
            3.8141539096832275,
            1.720993995666504,
            5.0001935958862305,
            0.7843520045280457,
            -0.4066311717033386,
            -1.3479101657867432,
            -0.47015348076820374
        ],
        [
            0.38420748710632324,
            0.022286999970674515,
            -1.8750953674316406,
            0.9213016033172607,
            -0.3401947617530823,
            0.4119020402431488,
            1.4525387287139893,
            -0.6950718760490417,
            -0.872816264629364,
            0.6762790083885193,
            0.713157057762146,
            2.1984434127807617,
            -0.5395914316177368,
            1.1805042028427124,
            1.8532629013061523,
            0.46932798624038696,
            1.801275610923767,
            -0.4066311717033386,
            -0.8517447710037231,
            -2.2641241550445557
        ]
    ],