{
    "mat_eigenvals": [
        -7.147838592529297,
        -6.897330284118652,
        -6.897330284118652,
        -6.57077169418335,
        -6.57077169418335,
        -5.529904365539551,
        -5.529904365539551,
        -5.0349297523498535,
        -5.0349297523498535,
        -4.906100273132324,
        -4.685136795043945,
        -3.7737185955047607,
        -3.7737185955047607,
        -3.6612071990966797,
        -3.2932591438293457,
        -3.2932591438293457,
        -1.6996477842330933,
        -1.6996477842330933,
        -0.9788892269134521,
        -0.5
    ],
    "mean": [
        [
            -1.3045347929000854,
            0.44307854771614075,
            -8.885150909423828,
            -2.3258419036865234,
            0.5177444219589233,
            1.8034952878952026,
            -0.01965252496302128,
            0.1058390885591507,
            -1.8681797981262207,
            -1.377785086631775,
            3.9771084785461426,
            3.035376787185669,
            -1.311402678489685,
            -1.0741467475891113,
            -1.2693921327590942,
            -1.0395406484603882,
            -0.9448633193969727,
            -0.8144376277923584,
            0.12287925183773041,
            -0.19384324550628662
        ],
        [
            -1.6082295179367065,
            0.3963082432746887,
            -9.853910446166992,
            -0.8439379334449768,
            0.5809758305549622,
            1.3043038845062256,
            0.2575959861278534,
            -0.025988176465034485,
            -2.4520065784454346,
            -1.0386302471160889,
            4.321264266967773,
            3.4675943851470947,
            -2.2787892818450928,
            -1.1722556352615356,
            -1.7087494134902954,
            -1.3604726791381836,
            -1.2214787006378174,
            -0.6351683735847473,
            0.5011041164398193,
            -0.11202001571655273
        ],
        [
            -0.77198725938797,
            0.5116437673568726,
            -6.932554244995117,
            -1.8618959188461304,
            0.4767252504825592,
            1.688124656677246,
            1.2145969867706299,
            0.29909753799438477,
            -1.3979601860046387,
            -0.26982057094573975,
            2.1156668663024902,
            2.679548740386963,
            -0.8833367824554443,
            -0.9303190112113953,
            -3.568448305130005,
            -0.8435629606246948,
            -0.8224619030952454,
            -0.2996523380279541,
            -0.06731729209423065,
            0.13443222641944885
        ],
        [
            -1.4955471754074097,
            0.3471064865589142,
            -11.813570976257324,
            -2.425772190093994,
            0.4205336570739746,
            2.5191831588745117,
            -0.07475269585847855,
            -0.16466841101646423,
            -2.7237372398376465,
            -2.5940866470336914,
            7.637152671813965,
            3.591334581375122,
            -2.1169285774230957,
            -1.2754652500152588,
            -1.8154120445251465,
            -1.2600244283676147,
            -1.1751961708068848,
            -1.3729313611984253,
            0.778091311454773,
            -0.5599199533462524
        ],
        [
            -7.114103317260742,
            -0.08452193439006805,
            -45.45530700683594,
            -15.848361015319824,
            2.239290475845337,
            12.818350791931152,
            -1.7145311832427979,
            -1.3812603950500488,
            -3.6490912437438965,
            -8.476381301879883,
            19.61870574951172,
            17.673080444335938,
            -5.485569477081299,
            -9.290785789489746,
            -4.490126609802246,
            -3.7046425342559814,
            -2.1384284496307373,
            -6.786694049835205,
            -0.6639216542243958,
            -2.321390151977539
        ],
        [
            -1.0409258604049683,
            0.6115774512290955,
            -7.322812557220459,
            -1.726701021194458,
            0.3664463460445404,
            1.3461631536483765,
            0.05223166570067406,
            0.5807715058326721,
            -1.7928929328918457,
            -1.0701671838760376,
            3.3096923828125,
            2.4087648391723633,
            -1.1427476406097412,
            -0.7206905484199524,
            -1.1263006925582886,
            -0.7379707098007202,
            -0.8966379165649414,
            -0.5557792782783508,
            0.16329917311668396,
            1.0127712488174438
        ],
        [
            -1.5187698602676392,
            0.3879643380641937,
            -9.129724502563477,
            -0.616692304611206,
            1.0799671411514282,
            1.4246129989624023,
            0.9697341918945312,
            -0.049506302922964096,
            -5.521881103515625,
            -1.0007296800613403,
            4.467568397521973,
            3.540790557861328,
            -2.4374277591705322,
            -1.1897586584091187,
            -3.369560956954956,
            -1.741781234741211,
            -1.2668402194976807,
            -0.6141369342803955,
            -0.3610870838165283,
            -0.10373488068580627
        ],
        [
            -2.218174457550049,
            -0.14091908931732178,
            -14.300042152404785,
            -4.402393817901611,
            1.0421264171600342,
            3.3885557651519775,
            -0.2687948942184448,
            -1.540221929550171,
            -2.129115343093872,
            -2.4439537525177,
            6.290295600891113,
            5.207143306732178,
            -1.8959414958953857,
            -2.299185037612915,
            -1.7653305530548096,
            -2.0847480297088623,
            -1.1120069026947021,
            -1.7109179496765137,
            -0.017211396247148514,
            -0.652421772480011
        ],
        [
            -1.1320786476135254,
            0.5800181031227112,
            -5.05672550201416,
            0.10168571770191193,
            0.26304593682289124,
            -0.1915057748556137,
            0.7433574199676514,
            0.4918181002140045,
            -2.034012794494629,
            1.7488919496536255,
            2.020498752593994,
            2.482865333557129,
            -1.0201444625854492,
            -0.786891758441925,
            -1.2945561408996582,
            -0.6686636209487915,
            -0.8615805506706238,
            0.6563898921012878,
            0.33312538266181946,
            0.7169734239578247
        ],
        [
            -1.6544302701950073,
            0.46177539229393005,
            -8.41279125213623,
            -2.74208927154541,
            2.638899326324463,
            1.2961820363998413,
            0.01668360084295273,
            0.15853816270828247,
            -1.8232135772705078,
            -1.4061133861541748,
            3.752467155456543,
            2.8811559677124023,
            -0.9908381700515747,
            -1.0349266529083252,
            -1.3793054819107056,
            -0.9475389719009399,
            -0.8532007932662964,
            -0.8341458439826965,
            -0.05459278076887131,
            -0.1966036707162857
        ],
        [
            -1.6493126153945923,
            0.2698487639427185,
            -24.78758430480957,
            -2.506216526031494,
            0.3422786295413971,
            3.0953140258789062,
            -0.11910850554704666,
            -0.38242781162261963,
            -3.412463426589966,
            -3.573214054107666,
            10.583500862121582,
            4.038880825042725,
            -2.7653791904449463,
            -1.4375267028808594,
            -2.2549588680267334,
            -1.4375145435333252,
            -1.3606150150299072,
            -1.8225210905075073,
            1.3055390119552612,
            -0.8546130657196045
        ]
    ],