{
    "mat_eigenvals": [
        -10.302897453308105,
        -8.971709251403809,
        -8.607129096984863,
        -8.607129096984863,
        -8.230109214782715,
        -7.657651424407959,
        -7.648560523986816,
        -7.648560523986816,
        -7.398422718048096,
        -7.097764015197754,
        -6.59788179397583,
        -5.6128034591674805,
        -5.6128034591674805,
        -4.729485511779785,
        -3.3443822860717773,
        -3.0767135620117188,
        -2.903827667236328,
        -2.903827667236328,
        -1.26848566532135,
        -0.5000001788139343
    ],
    "mean": [
        [
            -0.376558780670166,
            1.0128159523010254,
            0.7785995602607727,
            0.11657050251960754,
            0.38794174790382385,
            0.35856881737709045,
            -0.4605294167995453,
            -0.3271481990814209,
            -0.44112858176231384,
            0.5420758724212646,
            -0.40091174840927124,
            0.3297795355319977,
            -0.18104754388332367,
            -0.5890297293663025,
            -0.33926400542259216,
            -0.2679511606693268,
            -0.3065437376499176,
            0.4832257330417633,
            0.5430424213409424,
            1.4040578603744507
        ],
        [
            -1.4092280864715576,
            -0.3130873143672943,
            -2.137741804122925,
            -1.5432502031326294,
            0.33235228061676025,
            0.35856881737709045,
            1.6221407651901245,
            0.13148386776447296,
            2.3075499534606934,
            1.5676325559616089,
            -0.3532777428627014,
            0.17707288265228271,
            1.8450425863265991,
            4.433231353759766,
            0.5258659720420837,
            -0.2679511606693268,
            0.8853767514228821,
            2.8469433784484863,
            -0.4250127971172333,
            0.8487908840179443
        ],
        [
            -1.9673032760620117,
            0.9927542805671692,
            0.40476447343826294,
            0.09145661443471909,
            0.30906710028648376,
            0.35856881737709045,
            -0.35646969079971313,
            -0.32020893692970276,
            -0.2798639237880707,
            0.49030840396881104,
            -0.4033161699771881,
            0.33748772740364075,
            -0.1794174313545227,
            -0.3943682909011841,
            -0.18447546660900116,
            -0.2679511606693268,
            -0.36670905351638794,
            1.4888086318969727,
            0.41895103454589844,
            0.7941907644271851
        ],
        [
            -0.5158986449241638,
            2.649113893508911,
            0.7853710055351257,
            2.1649560928344727,
            0.35241636633872986,
            0.35856881737709045,
            -0.5463208556175232,
            -0.8931464552879333,
            -0.5424641966819763,
            0.44864150881767273,
            -0.4052514135837555,
            0.3436920642852783,
            -0.31400424242019653,
            -0.8238760232925415,
            -0.3194619417190552,
            -0.2679511606693268,
            -0.4151350259780884,
            0.8268769979476929,
            0.5452901124954224,
            1.6989213228225708
        ],
        [
            -1.0532217025756836,
            0.8870644569396973,
            -1.5647037029266357,
            -0.040850333869457245,
            -0.10646645724773407,
            0.35856881737709045,
            0.1917458176612854,
            -0.28365060687065125,
            0.5697237253189087,
            0.2175820916891098,
            -0.4159834384918213,
            0.3780970275402069,
            -0.1708296537399292,
            0.6311623454093933,
            0.6309938430786133,
            -0.2679511606693268,
            -0.6836764812469482,
            2.5608160495758057,
            -0.23479758203029633,
            1.9299266338348389
        ],
        [
            2.353593111038208,
            1.143973469734192,
            3.2226402759552,
            0.28075870871543884,
            0.9036042094230652,
            0.35856881737709045,
            -1.140845537185669,
            -0.3725157678127289,
            -1.4954369068145752,
            0.880519688129425,
            -0.38519197702407837,
            0.2793848514556885,
            -0.1917046308517456,
            -1.861676812171936,
            -1.3512327671051025,
            -0.2679511606693268,
            0.08680173009634018,
            -6.091024398803711,
            1.3543212413787842,
            -1.992911458015442
        ],
        [
            0.7556701302528381,
            1.6008129119873047,
            3.2537097930908203,
            0.852649450302124,
            2.2920520305633545,
            0.35856881737709045,
            -1.8082741498947144,
            -0.5305373072624207,
            -1.7554771900177002,
            -0.11608948558568954,
            -0.4314815104007721,
            0.42778119444847107,
            -0.22882495820522308,
            -2.4575693607330322,
            -1.1243400573730469,
            -0.2679511606693268,
            -1.071475625038147,
            -1.7468187808990479,
            1.3646347522735596,
            0.587860107421875
        ],
        [
            0.25700297951698303,
            1.8262819051742554,
            2.56782865524292,
            1.1349009275436401,
            0.4220469295978546,
            0.35856881737709045,
            -1.738286018371582,
            -0.6085274815559387,
            -3.3995633125305176,
            -0.08712178468704224,
            -0.430136114358902,
            0.42346784472465515,
            -0.24714535474777222,
            -3.670279026031494,
            -0.8700371384620667,
            -0.2679511606693268,
            -1.037808895111084,
            -0.9669590592384338,
            1.1369622945785522,
            1.7447243928909302
        ],
        [
            -2.70666766166687,
            0.29712599515914917,
            -4.6414475440979,
            -0.779359757900238,
            -0.48571303486824036,
            0.35856881737709045,
            0.8361037969589233,
            -0.07958991825580597,
            1.7625256776809692,
            1.211647629737854,
            -0.36981213092803955,
            0.23007947206497192,
            -0.12289445102214813,
            1.9172673225402832,
            1.5647618770599365,
            -0.2679511606693268,
            0.4716447591781616,
            5.455237865447998,
            -1.2560970783233643,
            3.6635169982910156
        ],
        [
            -1.2005783319473267,
            1.002423882484436,
            0.5849496722221375,
            0.10356128960847855,
            0.3470839560031891,
            0.35856881737709045,
            -0.4066256582736969,
            -0.32355356216430664,
            -0.3575921058654785,
            4.19799280166626,
            -0.4021573066711426,
            0.3337724804878235,
            -0.1802031397819519,
            -0.4881933033466339,
            -0.25908222794532776,
            -0.2679511606693268,
            -0.3377099335193634,
            1.0041265487670898,
            0.47876203060150146,
            4.71978759765625
        ],
        [
            -0.376558780670166,
            5.8537211418151855,
            0.7785995602607727,
            0.11657050251960754,
            0.38794174790382385,
            0.35856881737709045,
            -0.4605294167995453,
            -0.3271481990814209,
            -0.44112858176231384,
            0.5420758724212646,
            -0.40091174840927124,
            0.3297795355319977,
            -0.18104754388332367,
            -0.5890297293663025,
            -0.33926400542259216,
            -0.2679511606693268,
            -0.3065437376499176,
            0.4832257330417633,
            0.5430424213409424,
            1.4040578603744507
