{
    "mat_eigenvals": [
        -8.083150863647461,
        -7.750593185424805,
        -7.211099624633789,
        -7.1473307609558105,
        -7.1473307609558105,
        -6.049154281616211,
        -6.049154281616211,
        -5.793493747711182,
        -5.793493747711182,
        -5.250962734222412,
        -5.250962734222412,
        -4.64640998840332,
        -3.6437487602233887,
        -3.5237579345703125,
        -3.5237579345703125,
        -3.0777230262756348,
        -2.324223041534424,
        -1.8248138427734375,
        -1.8248138427734375,
        -0.4999997615814209
    ],
    "mean": [
        [
            -2.903522253036499,
            -0.10847964137792587,
            0.33102384209632874,
            2.088225841522217,
            0.8261626362800598,
            -0.23084981739521027,
            2.040384531021118,
            -0.18430455029010773,
            -3.909398317337036,
            -0.2833822965621948,
            0.21509261429309845,
            -3.662341833114624,
            3.0750370025634766,
            0.4859476685523987,
            5.349319934844971,
            0.34428709745407104,
            0.22482840716838837,
            0.958105742931366,
            1.1780847311019897,
            -3.3729045391082764
        ],
        [
            0.2297595590353012,
            -1.2388763427734375,
            0.33102384209632874,
            2.3390095233917236,
            -2.0588810443878174,
            0.10697805136442184,
            0.5780473947525024,
            -0.18430455029010773,
            0.6766735315322876,
            1.027894377708435,
            0.3603907823562622,
            1.0678858757019043,
            0.7200103402137756,
            0.1141708716750145,
            -1.765250563621521,
            -0.06828028708696365,
            -0.9828086495399475,
            0.18577520549297333,
            -0.6281827688217163,
            1.4401087760925293
        ],
        [
            -1.3603254556655884,
            -0.5451456904411316,
            1.8632123470306396,
            0.7187974452972412,
            1.126476764678955,
            -0.13296306133270264,
            1.61666738986969,
            -0.18430455029010773,
            -1.0479997396469116,
            0.5870168209075928,
            -0.11129479110240936,
            -1.3204874992370605,
            1.9151452779769897,
            0.2914334833621979,
            2.848541021347046,
            0.71087247133255,
            0.16135622560977936,
            0.6447532773017883,
            0.5270508527755737,
            -1.2370299100875854
        ],
        [
            -0.5344703793525696,
            -0.28640586137771606,
            0.33102384209632874,
            0.03907081112265587,
            0.8831111788749695,
            0.07692617177963257,
            0.7081313729286194,
            -0.18430455029010773,
            0.12815476953983307,
            0.8662663102149963,
            0.8827621340751648,
            0.6922484040260315,
            1.294418454170227,
            0.11340794712305069,
            1.4821271896362305,
            -0.8247709274291992,
            0.05202091112732887,
            0.42137467861175537,
            0.3343619406223297,
            0.8644466400146484
        ],
        [
            -6.290874004364014,
            1.8835158348083496,
            0.33102384209632874,
            4.3702497482299805,
            0.7178988456726074,
            -0.5453254580497742,
            3.4016387462615967,
            -0.18430455029010773,
            -8.31472110748291,
            -1.547623634338379,
            0.6757580637931824,
            -7.232046127319336,
            5.62102746963501,
            1.0040627717971802,
            9.526200294494629,
            -0.04059687256813049,
            0.44352439045906067,
            1.8388415575027466,
            2.470524787902832,
            -7.996222972869873
        ],
        [
            -8.38210391998291,
            0.5994709730148315,
            0.33102384209632874,
            5.940776824951172,
            0.6814433336257935,
            -0.8816608190536499,
            4.857515335083008,
            -0.18430455029010773,
            -12.582852363586426,
            -2.7578439712524414,
            1.043353796005249,
            -11.5071439743042,
            7.192831993103027,
            1.3603729009628296,
            13.636154174804688,
            -0.3788019120693207,
            0.6172225475311279,
            2.254305362701416,
            3.0573196411132812,
            -10.06247329711914
        ],
        [
            -5.460502624511719,
            0.4395086169242859,
            0.33102384209632874,
            4.030063629150391,
            0.7444385290145874,
            -0.4682352840900421,
            3.0679430961608887,
            -0.18430455029010773,
            -7.234805583953857,
            -1.2377089262008667,
            -0.08333341777324677,
            -4.302063465118408,
            4.9969072341918945,
            -0.8420125246047974,
            8.502284049987793,
            0.053753141313791275,
            -0.17328564822673798,
            1.622938632965088,
            1.9549403190612793,
            -6.862868309020996
        ],
        [
            -3.011871099472046,
            -0.0852593332529068,
            0.33102384209632874,
            2.170508861541748,
            0.8226996064186096,
            -0.240908682346344,
            2.0839264392852783,
            -0.18430455029010773,
            -4.050307750701904,
            -0.3238206207752228,
            0.20244720578193665,
            -3.201336622238159,
            3.1564738750457764,
            0.4296770691871643,
            7.2540411949157715,
            0.33197611570358276,
            0.20795883238315582,
            0.9862772226333618,
            1.6341838836669922,
            -3.520787000656128
        ],
        [
            -8.98278522491455,
            0.21896299719810486,
            0.33102384209632874,
            5.731137275695801,
            1.0934491157531738,
            -2.6031172275543213,
            5.080826282501221,
            -0.18430455029010773,
            -13.318561553955078,
            -2.1965417861938477,
            0.6499952077865601,
            -13.869723320007324,
            7.644314289093018,
            1.9835718870162964,
            14.730600357055664,
            0.5295913815498352,
            0.23022820055484772,
            2.6449527740478516,
            2.583681106567383,
            -13.247682571411133
        ],
        [
            -2.903522253036499,
            -0.10847964137792587,
            0.33102384209632874,
            2.088225841522217,
            0.8261626362800598,
            -0.23084981739521027,
            2.040384531021118,
            -0.18430455029010773,
            -3.909398317337036,
            -0.2833822965621948,
            0.21509261429309845,
            -9.652159690856934,
            3.0750370025634766,
            0.4859476685523987,
            5.349319934844971,
            0.34428709745407104,
            0.22482840716838837,
            0.958105742931366,
            1.1780847311019897,
            -3.3729045391082764
        ],
        [
            -0.4529625475406647,
            -0.6465734243392944,
            0.33102384209632874,
            2.3860344886779785,
            -0.3981183171272278,
            0.06643418967723846,
            0.7535473704338074,
            -0.18430455029010773,
            0.03749435395002365,
            -1.4611150026321411,
            0.6259868144989014,
            0.2990376949310303,
            1.2331557273864746,
            -0.009186365641653538,
            0.3878266513347626,
            -0.5198138356208801,
            -0.06074555590748787,
            -0.30361172556877136,
            -0.006006869953125715,
            0.7692999243736267
        ]
    ],