{
    "mat_eigenvals": [
        -9.32298755645752,
        -7.837784290313721,
        -7.584885597229004,
        -7.584885597229004,
        -7.16874885559082,
        -6.241118907928467,
        -6.073915481567383,
        -6.073915481567383,
        -5.884278297424316,
        -4.999943733215332,
        -4.999943733215332,
        -4.049926280975342,
        -4.049926280975342,
        -2.8363049030303955,
        -2.8363049030303955,
        -2.223465919494629,
        -2.223465919494629,
        -1.9446357488632202,
        -1.9446357488632202,
        -0.49999988079071045
    ],
    "mean": [
        [
            -1.24776029586792,
            -1.4462023973464966,
            -1.2346086502075195,
            -0.5950251221656799,
            3.3820996284484863,
            0.5073065757751465,
            -1.537664532661438,
            2.3001503944396973,
            -0.4650924801826477,
            1.295864224433899,
            -0.2574254274368286,
            0.45675233006477356,
            0.9552763104438782,
            -0.31756579875946045,
            -0.5294410586357117,
            -0.324138343334198,
            1.5569379329681396,
            0.3745814263820648,
            0.11453786492347717,
            -0.6958391666412354
        ],
        [
            -0.7686994671821594,
            -1.214503288269043,
            -1.127032995223999,
            -1.1269397735595703,
            2.766993999481201,
            0.33075863122940063,
            -1.3611880540847778,
            1.8397941589355469,
            0.07509487867355347,
            1.0750571489334106,
            -0.296142041683197,
            0.3238683044910431,
            0.7236053943634033,
            -0.40620213747024536,
            -0.1945844441652298,
            -1.7925822734832764,
            1.1610991954803467,
            0.5360745787620544,
            0.11951828002929688,
            -0.482180118560791
        ],
        [
            -1.3676376342773438,
            -0.6360318064689636,
            -0.2382904291152954,
            -0.6628232002258301,
            4.005837917327881,
            0.6040761470794678,
            -0.920589029788971,
            2.193244218826294,
            -0.5418773293495178,
            0.7253887057304382,
            -0.07949693500995636,
            0.5431913137435913,
            1.6034128665924072,
            -1.7495092153549194,
            -0.21075883507728577,
            -0.324138343334198,
            3.694824695587158,
            0.5282739996910095,
            0.2616535723209381,
            -0.7348831295967102
        ],
        [
            -2.742490291595459,
            -3.9068939685821533,
            -1.8407396078109741,
            -1.9627817869186401,
            8.977439880371094,
            1.2001487016677856,
            -3.4118776321411133,
            6.681605815887451,
            -1.7653120756149292,
            3.83768630027771,
            0.2662157118320465,
            1.859037160873413,
            2.980194330215454,
            -2.3208231925964355,
            -2.1621758937835693,
            -0.324138343334198,
            4.571146488189697,
            3.4751715660095215,
            0.4995579719543457,
            -2.0903961658477783
        ],
        [
            2.104741334915161,
            3.186211109161377,
            4.138542652130127,
            -1.0772913694381714,
            -4.293468475341797,
            -0.8512139320373535,
            1.9906649589538574,
            -4.400210380554199,
            0.1215984970331192,
            -2.9732441902160645,
            -0.85467928647995,
            -0.4832863509654999,
            -1.6653320789337158,
            0.10275780409574509,
            1.7374324798583984,
            -0.324138343334198,
            -0.4895365536212921,
            1.4678387641906738,
            -0.19766740500926971,
            1.3166223764419556
        ],
        [
            2.3437657356262207,
            3.3630950450897217,
            0.7989169359207153,
            -2.1319990158081055,
            -3.5958428382873535,
            -0.8812622427940369,
            2.1253905296325684,
            -4.11945104598999,
            -0.5061221718788147,
            -2.4921772480010986,
            -0.6885525584220886,
            0.08347906172275543,
            -1.1308934688568115,
            -2.0624136924743652,
            6.695045471191406,
            -0.324138343334198,
            0.6899234652519226,
            3.8587729930877686,
            -0.03145137429237366,
            2.415095806121826
        ],
        [
            -3.720938205718994,
            -1.971933364868164,
            -1.676685094833374,
            -0.49126094579696655,
            4.712981700897217,
            1.4339150190353394,
            -1.9380935430526733,
            3.309609889984131,
            -1.0632729530334473,
            1.8850044012069702,
            -0.19565926492214203,
            1.3067686557769775,
            1.263547658920288,
            -0.4387040138244629,
            -1.0171804428100586,
            -0.324138343334198,
            2.37283992767334,
            0.13935671746730804,
            0.13161979615688324,
            -1.224938154220581
        ],
        [
            -1.24776029586792,
            -1.4462023973464966,
            -1.2346086502075195,
            -0.5950251221656799,
            3.3820996284484863,
            0.5073065757751465,
            -1.537664532661438,
            2.3001503944396973,
            -0.4650924801826477,
            1.295864224433899,
            -2.630810260772705,
            0.45675233006477356,
            0.9552763104438782,
            -0.31756579875946045,
            -0.5294410586357117,
            -0.324138343334198,
            1.5569379329681396,
            0.3745814263820648,
            0.11453786492347717,
            -0.6958391666412354
        ],
        [
            -1.2556315660476685,
            -1.1409510374069214,
            -0.8622110486030579,
            -0.6214435696601868,
            3.576890707015991,
            2.4585914611816406,
            -1.3051666021347046,
            2.2380878925323486,
            -0.4845491647720337,
            0.9119646549224854,
            -0.21531449258327484,
            0.4760730564594269,
            1.0994728803634644,
            -0.4623599052429199,
            -0.4052625298500061,
            -0.324138343334198,
            2.3113861083984375,
            0.434469610452652,
            0.1531110554933548,
            -1.1393585205078125
        ],
        [
            0.07500810921192169,
            -0.8857648372650146,
            -0.6580630540847778,
            -2.5379931926727295,
            2.268515110015869,
            0.054144732654094696,
            -1.1108009815216064,
            1.3893368244171143,
            -0.16112859547138214,
            0.7306204438209534,
            -0.26499027013778687,
            0.01724233292043209,
            0.6414960622787476,
            -1.0628788471221924,
            -0.15418073534965515,
            -0.324138343334198,
            1.0745381116867065,
            0.5555602312088013,
            0.22509941458702087,
            -0.3343863785266876
        ],
        [
            -1.12137770652771,
            -1.3974701166152954,
            -1.1853865385055542,
            -0.6022332310676575,
            3.2755558490753174,
            0.44199860095977783,
            -1.5005472898483276,
            2.215691089630127,
            -0.4357752799987793,
            0.6563303470611572,
            -0.33601585030555725,
            0.4144992530345917,
            0.6360411047935486,
            1.01022469997406,
            -0.4955593943595886,
            -0.324138343334198,
            1.502661943435669,
            0.39092177152633667,
            0.06300728023052216,
            -2.2342002391815186
        ]
    ],