{
    "mat_eigenvals": [
        -13.251644134521484,
        -11.595078468322754,
        -10.719673156738281,
        -10.719673156738281,
        -10.070683479309082,
        -9.8733549118042,
        -9.672811508178711,
        -9.672811508178711,
        -9.30750560760498,
        -8.741044044494629,
        -8.741044044494629,
        -7.464123249053955,
        -7.464123249053955,
        -6.81043004989624,
        -6.81043004989624,
        -5.848656177520752,
        -5.444815158843994,
        -4.038416862487793,
        -4.038416862487793,
        -0.4999999701976776
    ],
    "mean": [
        [
            -0.2030157595872879,
            -2.194984197616577,
            -0.38429567217826843,
            -0.40356385707855225,
            0.21608233451843262,
            1.1897962093353271,
            1.688207745552063,
            3.860846757888794,
            1.5836949348449707,
            -0.36550262570381165,
            -0.6419568657875061,
            0.07097865641117096,
            2.292980909347534,
            1.2329343557357788,
            0.8341665863990784,
            0.3874164819717407,
            -1.4290356636047363,
            -0.3445601165294647,
            0.3491719663143158,
            1.0882271528244019
        ],
        [
            -0.19395075738430023,
            -2.1302549839019775,
            -0.3411581218242645,
            -0.3626956343650818,
            0.20547227561473846,
            1.0765761137008667,
            1.538257122039795,
            3.426046371459961,
            1.442144513130188,
            -0.1350269615650177,
            -1.746321439743042,
            -0.23298236727714539,
            2.0560896396636963,
            1.0695065259933472,
            0.7714776396751404,
            0.37806931138038635,
            -1.3972584009170532,
            -0.21805888414382935,
            0.34371495246887207,
            1.0279581546783447
        ],
        [
            -0.04573771357536316,
            -1.0719298124313354,
            -0.10327127575874329,
            -0.27008432149887085,
            -1.4247987270355225,
            0.5594686269760132,
            0.6742225289344788,
            1.4401943683624268,
            0.5662481784820557,
            0.06816859543323517,
            -0.14527353644371033,
            0.1331866979598999,
            0.7497285008430481,
            0.4881995916366577,
            0.5360353589057922,
            0.30619916319847107,
            -0.877700686454773,
            0.08673453330993652,
            0.3144669234752655,
            0.3614112436771393
        ],
        [
            -0.4265211522579193,
            -3.7909388542175293,
            -0.7901709079742432,
            -0.19009247422218323,
            0.3380930423736572,
            2.0429930686950684,
            3.085642099380493,
            7.137383937835693,
            2.9107983112335205,
            -1.050718069076538,
            -1.3142560720443726,
            -0.003475785721093416,
            4.521854877471924,
            2.1383321285247803,
            1.2059801816940308,
            0.4680100381374359,
            -3.7680470943450928,
            -0.9922358989715576,
            0.44708147644996643,
            1.7812920808792114
        ],
        [
            0.06203785911202431,
            -0.30235105752944946,
            0.3456173837184906,
            0.16021640598773956,
            0.01716945506632328,
            -0.6561030745506287,
            -0.9471639394760132,
            -3.2279748916625977,
            -0.976070761680603,
            0.861414909362793,
            0.8125684261322021,
            0.36643722653388977,
            -1.715354084968567,
            -1.3367795944213867,
            -0.15475796163082123,
            0.1755276769399643,
            -0.49989575147628784,
            0.1761152446269989,
            0.2514527440071106,
            -0.041670188307762146
        ],
        [
            -0.2168227732181549,
            -2.293574333190918,
            -0.4820238947868347,
            -0.45139750838279724,
            0.23003478348255157,
            1.3327463865280151,
            3.2347986698150635,
            4.409819602966309,
            1.7671676874160767,
            -0.4594777822494507,
            -0.7545983195304871,
            0.052021726965904236,
            2.829657554626465,
            1.4364819526672363,
            0.8594567775726318,
            1.0694481134414673,
            -1.47743558883667,
            -0.4105965197086334,
            0.3468663990497589,
            1.1674822568893433
        ],
        [
            -0.10625794529914856,
            -1.5040785074234009,
            -0.4406498372554779,
            -0.5811783671379089,
            0.21109135448932648,
            1.405639886856079,
            1.788673758506775,
            4.689752101898193,
            1.6084928512573242,
            -0.4811381697654724,
            -0.8120366334915161,
            0.292746365070343,
            2.6024506092071533,
            1.636638879776001,
            0.9859009385108948,
            0.3473746180534363,
            -1.089853048324585,
            -2.0851097106933594,
            0.35106536746025085,
            1.0598764419555664
        ],
        [
            -0.8893277645111084,
            -7.095639228820801,
            -1.4821821451187134,
            -0.9225451350212097,
            0.5652042031288147,
            3.786344528198242,
            5.904899597167969,
            13.832388877868652,
            5.858016490936279,
            -2.1596426963806152,
            -2.6879754066467285,
            -0.1767556369304657,
            8.322050094604492,
            4.594351291656494,
            2.1366684436798096,
            0.8445212244987488,
            -3.834887981414795,
            -2.1770715713500977,
            0.5100211501121521,
            3.0713653564453125
        ],
        [
            -0.15459227561950684,
            -1.8492130041122437,
            -0.1611713021993637,
            -0.2949393689632416,
            -0.04587047919631004,
            0.8319073915481567,
            1.1547387838363647,
            2.4864437580108643,
            1.0943934917449951,
            -0.1274537444114685,
            -0.3599489629268646,
            0.11536566913127899,
            1.0676878690719604,
            1.1223865747451782,
            0.7440261244773865,
            0.47165539860725403,
            -1.2592880725860596,
            -0.1590917706489563,
            0.3484940826892853,
            -0.39975985884666443
        ],
        [
            -0.2345234900712967,
            -2.4199671745300293,
            1.0962737798690796,
            -0.3457264006137848,
            0.2177075892686844,
            1.1195101737976074,
            1.6554923057556152,
            3.5909264087677,
            1.5756199359893799,
            -0.32784759998321533,
            -0.5865728855133057,
            -0.0012366885785013437,
            2.192206621170044,
            1.1014738082885742,
            0.784756600856781,
            0.400455504655838,
            -1.5394853353500366,
            0.2222239077091217,
            0.34855541586875916,
            1.097459077835083
        ],
        [
            -0.3280843496322632,
            -3.0880444049835205,
            -0.7287133932113647,
            -0.6695900559425354,
            0.30994167923927307,
            2.060804843902588,
            2.931737184524536,
            7.205787658691406,
            2.7915496826171875,
            -2.2956416606903076,
            -1.3282910585403442,
            -0.06843679398298264,
            4.184358596801758,
            2.4454829692840576,
            1.3008019924163818,
            0.4873986542224884,
            -1.8674604892730713,
            -0.5902467370033264,
            0.3952818810939789,
            1.6213818788528442
        ]
    ],