{
    "mat_eigenvals": [
        -8.976017951965332,
        -8.976017951965332,
        -6.954153537750244,
        -6.954153537750244,
        -5.8871965408325195,
        -4.7995476722717285,
        -4.7995476722717285,
        -4.109243869781494,
        -3.6639492511749268,
        -3.6639492511749268,
        -3.5656137466430664,
        -3.5656137466430664,
        -2.5926342010498047,
        -2.4479641914367676,
        -2.4479641914367676,
        -2.2974586486816406,
        -1.7734801769256592,
        -1.7734801769256592,
        -1.3819948434829712,
        -0.5000001788139343
    ],
    "mean": [
        [
            -2.147667169570923,
            -0.6014087796211243,
            -3.4545204639434814,
            -0.45345887541770935,
            -1.14164137840271,
            2.336268663406372,
            0.93128901720047,
            -0.04627576470375061,
            -1.8961130380630493,
            1.544924259185791,
            1.30958092212677,
            0.20026245713233948,
            -0.018400367349386215,
            0.9562992453575134,
            -0.5988086462020874,
            -0.33680808544158936,
            1.737836241722107,
            -0.4603157639503479,
            -3.0883796215057373,
            0.3311571180820465
        ],
        [
            -5.584282875061035,
            0.7167943120002747,
            -8.348305702209473,
            -0.45345887541770935,
            -1.776715636253357,
            5.461584568023682,
            1.4980360269546509,
            0.2776723802089691,
            -5.173113822937012,
            4.88818883895874,
            4.403435707092285,
            -1.8237736225128174,
            0.31858083605766296,
            0.8295205235481262,
            -3.4747915267944336,
            -0.1798078566789627,
            6.647001266479492,
            -1.8123689889907837,
            -10.663336753845215,
            0.25497862696647644
        ],
        [
            -2.436284065246582,
            -0.4777372479438782,
            -3.7112033367156982,
            -0.45345887541770935,
            -1.3661996126174927,
            2.544398069381714,
            0.680469274520874,
            0.0682702511548996,
            -2.345301389694214,
            1.2677531242370605,
            1.4002572298049927,
            -0.4553176462650299,
            -0.11822552978992462,
            0.7773668169975281,
            -0.56943279504776,
            0.9241259694099426,
            2.2967329025268555,
            -0.5871630907058716,
            -3.2079923152923584,
            0.22364047169685364
        ],
        [
            -9.264970779418945,
            2.0907461643218994,
            -14.040409088134766,
            -0.45345887541770935,
            -1.9567447900772095,
            8.96760368347168,
            2.97672176361084,
            0.36950427293777466,
            -8.174659729003906,
            8.094696044921875,
            8.211127281188965,
            -3.868342876434326,
            1.053755521774292,
            1.1853063106536865,
            -4.382215976715088,
            -0.4281444549560547,
            11.476567268371582,
            -3.22160267829895,
            -20.28514862060547,
            0.4687625765800476
        ],
        [
            -11.1089448928833,
            2.065141439437866,
            -14.078810691833496,
            -0.45345887541770935,
            -1.8356505632400513,
            8.962989807128906,
            3.1661152839660645,
            0.3077346980571747,
            -8.017562866210938,
            7.966982841491699,
            8.28260612487793,
            -3.814343214035034,
            1.1338602304458618,
            1.2978864908218384,
            -7.4877448081970215,
            -0.5241711735725403,
            11.316390037536621,
            -3.195340394973755,
            -20.527660369873047,
            0.5364095568656921
        ],
        [
            -1.7081587314605713,
            -0.7648749351501465,
            -2.767728328704834,
            -0.45345887541770935,
            -1.1280239820480347,
            1.560374140739441,
            0.7409868836402893,
            -0.05322191119194031,
            -1.545707106590271,
            1.1679328680038452,
            -0.23059038817882538,
            0.4424617290496826,
            -0.11208348721265793,
            0.9060705304145813,
            -0.12403906136751175,
            -0.30059266090393066,
            1.167888879776001,
            -0.29265210032463074,
            -1.9156739711761475,
            0.3009757995605469
        ],
        [
            -0.7023598551750183,
            2.881267786026001,
            -1.072798728942871,
            -0.45345887541770935,
            -0.3023643493652344,
            0.6926827430725098,
            0.8288951516151428,
            -0.47438663244247437,
            -0.4172477722167969,
            -0.14501424133777618,
            0.0023469978477805853,
            0.6059314012527466,
            -0.42879459261894226,
            0.7734548449516296,
            0.3012505769729614,
            -0.3356033265590668,
            -0.019333207979798317,
            1.270436406135559,
            -0.1716446727514267,
            0.22128993272781372
        ],
        [
            -3.3063549995422363,
            -0.17045941948890686,
            -5.265124797821045,
            -0.45345887541770935,
            -1.1775413751602173,
            4.381779193878174,
            1.4329872131347656,
            -0.02796342596411705,
            -2.819896936416626,
            2.5387959480285645,
            2.77510929107666,
            -0.4382535219192505,
            0.22857877612113953,
            1.088718295097351,
            -1.8504551649093628,
            -0.43228358030319214,
            3.2404043674468994,
            -0.902331531047821,
            -6.180013656616211,
            0.4107249081134796
        ],
        [
            4.935722351074219,
            -3.2763290405273438,
            7.133366584777832,
            -0.45345887541770935,
            -0.3886098265647888,
            -4.281935691833496,
            -1.2058097124099731,
            -0.4303933084011078,
            4.293392181396484,
            -7.157686233520508,
            -5.6165642738342285,
            6.757033824920654,
            -1.1289894580841064,
            0.6711938381195068,
            6.208662509918213,
            -1.1318080425262451,
            -7.904664039611816,
            2.2832939624786377,
            14.201991081237793,
            0.1598435938358307
        ],
        [
            -6.603475093841553,
            1.0959938764572144,
            -9.939360618591309,
            -0.45345887541770935,
            -1.8100391626358032,
            6.437657356262207,
            1.9362928867340088,
            0.29467031359672546,
            -5.987457275390625,
            5.763713359832764,
            5.474123954772949,
            -2.3858492374420166,
            0.5345202088356018,
            0.2334877997636795,
            -4.572991847991943,
            -0.2623356580734253,
            7.970169544219971,
            -2.2013063430786133,
            -13.377504348754883,
            -2.523240804672241
        ],
        [
            -0.11412637680768967,
            -1.370094895362854,
            -0.42386412620544434,
            -0.45345887541770935,
            -0.9154958128929138,
            0.4394369125366211,
            0.33511847257614136,
            -0.16163145005702972,
            2.6273880004882812,
            -0.3214168846607208,
            -0.6689770221710205,
            1.3610742092132568,
            -0.32978108525276184,
            1.5703914165496826,
            1.3397600650787354,
            -0.3050956726074219,
            -1.0389176607131958,
            0.328109472990036,
            1.845390796661377,
            0.700151801109314
        ]
    ],