{
    "mat_eigenvals": [
        -6.495597839355469,
        -6.472460746765137,
        -6.472460746765137,
        -6.182347297668457,
        -5.77894401550293,
        -5.2277655601501465,
        -5.2277655601501465,
        -5.000919818878174,
        -4.94810676574707,
        -2.340482234954834,
        -2.340482234954834,
        -2.0992846488952637,
        -2.0992846488952637,
        -1.763258695602417,
        -1.6650346517562866,
        -1.6650346517562866,
        -1.5945783853530884,
        -1.4883902072906494,
        -1.0902323722839355,
        -0.5000000596046448
    ],
    "mean": [
        [
            -0.7047876119613647,
            -1.8053566217422485,
            1.2906161546707153,
            3.1414296627044678,
            -1.2631816864013672,
            -0.3501712679862976,
            -0.6228109002113342,
            0.5744316577911377,
            -0.7158345580101013,
            -10.032971382141113,
            -1.7765907049179077,
            0.10345888137817383,
            -2.0316693782806396,
            2.730083703994751,
            1.1158167123794556,
            -0.2253342717885971,
            0.15780186653137207,
            0.8860806226730347,
            -1.793852686882019,
            -6.573278903961182
        ],
        [
            -1.266196370124817,
            -1.9095847606658936,
            1.1712623834609985,
            3.722792863845825,
            -1.3859351873397827,
            -0.314801961183548,
            0.12691207230091095,
            0.3963634967803955,
            -0.2601321339607239,
            -10.14136028289795,
            -1.667271375656128,
            -0.050893258303403854,
            -1.9095325469970703,
            2.929594039916992,
            1.1860309839248657,
            -0.2253342717885971,
            -0.5455454587936401,
            0.8336182832717896,
            -1.4149000644683838,
            -6.944470405578613
        ],
        [
            0.291564017534256,
            0.6961898803710938,
            -0.6522461771965027,
            -1.400612473487854,
            0.30327218770980835,
            0.22557717561721802,
            0.6363883018493652,
            -0.23924091458320618,
            0.049541689455509186,
            1.4630601406097412,
            -0.06768499314785004,
            0.48213720321655273,
            -0.043498389422893524,
            -2.058314323425293,
            0.46170318126678467,
            -0.2253342717885971,
            1.883352279663086,
            0.03209013491868973,
            0.04815378040075302,
            2.335543155670166
        ],
        [
            -3.041687488555908,
            -2.2134954929351807,
            0.14062418043613434,
            -3.0022830963134766,
            -7.678965091705322,
            -0.00938233733177185,
            3.2830231189727783,
            -0.37917813658714294,
            1.658239483833313,
            -9.19442081451416,
            -1.1302186250686646,
            -0.507289469242096,
            -0.8548592329025269,
            3.5113325119018555,
            1.3070456981658936,
            -0.2253342717885971,
            -2.6252388954162598,
            0.3805985152721405,
            -1.3062853813171387,
            -8.026795387268066
        ],
        [
            0.05255517363548279,
            -1.6647518873214722,
            1.4516249895095825,
            2.3571670055389404,
            -1.0975863933563232,
            -0.39788466691970825,
            -1.6341904401779175,
            0.8146463632583618,
            -1.3305792808532715,
            -9.88675308227539,
            3.3375160694122314,
            0.3116806447505951,
            -2.1964333057403564,
            2.4609413146972656,
            1.0210974216461182,
            -0.2253342717885971,
            1.1066211462020874,
            0.9568524360656738,
            -2.3050622940063477,
            -6.072540283203125
        ],
        [
            -2.733201265335083,
            -2.310833692550659,
            4.1329169273376465,
            4.550347805023193,
            -1.965527057647705,
            -1.1924597024917603,
            -1.8485320806503296,
            0.9954981803894043,
            -1.4608618021011353,
            -16.888355255126953,
            -2.3404757976531982,
            -0.6133617162704468,
            -4.940254211425781,
            3.6976547241210938,
            1.875902533531189,
            -0.2253342717885971,
            -3.1085851192474365,
            2.1354215145111084,
            -3.719815492630005,
            -8.37344741821289
        ],
        [
            0.9595757126808167,
            -1.450600266456604,
            0.4822947084903717,
            4.660367488861084,
            7.150089740753174,
            -0.11063307523727417,
            -1.4486312866210938,
            0.7244418859481812,
            -1.2177908420562744,
            -7.416896343231201,
            -1.760267734527588,
            0.6175497174263,
            -1.2044975757598877,
            2.0510177612304688,
            0.7278790473937988,
            -0.2253342717885971,
            2.5003957748413086,
            0.5307807326316833,
            -4.85641622543335,
            -5.309876918792725
        ],
        [
            -0.8594734072685242,
            -2.282966136932373,
            1.6752526760101318,
            3.9818153381347656,
            -1.5583280324935913,
            -0.46415460109710693,
            -0.918067216873169,
            -1.1820682287216187,
            -0.89529949426651,
            -12.253193855285645,
            -4.1145806312561035,
            0.040633317083120346,
            -2.425276041030884,
            3.6443114280700684,
            0.3569730520248413,
            -0.2253342717885971,
            -0.12847980856895447,
            1.0551486015319824,
            -2.17669415473938,
            -8.274202346801758
        ],
        [
            -0.023954719305038452,
            -1.7582694292068481,
            -2.972933769226074,
            2.877964735031128,
            -1.0938873291015625,
            -0.07627256959676743,
            -0.2471470832824707,
            0.466113418340683,
            -0.48749563097953796,
            -8.174168586730957,
            -1.6652191877365112,
            0.34261244535446167,
            -1.0858441591262817,
            2.6399500370025635,
            0.8759686350822449,
            -0.2253342717885971,
            1.2475700378417969,
            -0.987974226474762,
            -1.1961477994918823,
            -6.405585289001465
        ],
        [
            0.21298819780349731,
            -0.9182881116867065,
            0.8191361427307129,
            1.1050547361373901,
            -0.645290195941925,
            -0.21045275032520294,
            -1.0472420454025269,
            0.5160377025604248,
            -0.9738157391548157,
            -6.358753681182861,
            -1.3665953874588013,
            0.3881945013999939,
            -1.5491943359375,
            1.0320788621902466,
            0.8372198939323425,
            1.824405550956726,
            1.4552764892578125,
            0.6788403987884521,
            -1.6354273557662964,
            -3.41413950920105
        ],
        [
            -0.7047876119613647,
            -1.8053566217422485,
            1.2906161546707153,
            3.1414296627044678,
            -1.2631816864013672,
            -0.3501712679862976,
            -0.6228109002113342,
            0.5744316577911377,
            -0.7158345580101013,
            -10.032971382141113,
            -1.7765907049179077,
            0.10345888137817383,
            -2.0316693782806396,
            2.730083703994751,
            -1.8916000127792358,
            -0.2253342717885971,
            0.15780186653137207,
            0.8860806226730347,
            -1.793852686882019,
            -6.573278903961182
        ]
    ],