{
    "mat_eigenvals": [
        -8.352295875549316,
        -8.352295875549316,
        -7.392172813415527,
        -6.829147815704346,
        -6.829147815704346,
        -6.407768249511719,
        -6.407768249511719,
        -5.6298394203186035,
        -4.570917129516602,
        -4.570917129516602,
        -4.410100936889648,
        -4.410100936889648,
        -2.648974895477295,
        -2.241067409515381,
        -2.241067409515381,
        -2.221578598022461,
        -2.1125521659851074,
        -2.1125521659851074,
        -1.3320584297180176,
        -0.5000002980232239
    ],
    "mean": [
        [
            0.9176760911941528,
            -0.4820549786090851,
            -0.3432278335094452,
            -1.228542685508728,
            0.8417145013809204,
            -0.37447503209114075,
            0.2377857118844986,
            0.027390222996473312,
            1.7566883563995361,
            0.5428508520126343,
            -0.3105795383453369,
            -0.7373219728469849,
            0.6283766031265259,
            -0.22704541683197021,
            1.1666582822799683,
            0.1371169537305832,
            -0.05151081457734108,
            -0.4162227213382721,
            0.5006757974624634,
            0.08000881224870682
        ],
        [
            0.7320089340209961,
            -0.4449276328086853,
            -0.11231609433889389,
            -0.7415661215782166,
            0.7996302247047424,
            0.13151323795318604,
            0.1651730239391327,
            0.009249039925634861,
            1.7566883563995361,
            0.49541860818862915,
            1.5036133527755737,
            -0.7248021364212036,
            0.7281478643417358,
            -0.19151416420936584,
            1.1174814701080322,
            0.1780279129743576,
            0.2253323495388031,
            -0.2735498547554016,
            0.5006757974624634,
            0.10429348051548004
        ],
        [
            4.029821872711182,
            -0.0658266469836235,
            -3.2130277156829834,
            -5.633020877838135,
            7.664821624755859,
            -2.6900858879089355,
            1.7332210540771484,
            -2.857480525970459,
            1.7566883563995361,
            2.52481746673584,
            -2.5386123657226562,
            3.449542999267578,
            -2.0572526454925537,
            -5.98773193359375,
            2.3479790687561035,
            0.5957628488540649,
            -2.524897336959839,
            -5.2998528480529785,
            0.5006757974624634,
            -0.975026547908783
        ],
        [
            9.885101318359375,
            1.3052144050598145,
            -7.175375461578369,
            -13.998610496520996,
            23.435184478759766,
            -6.9285101890563965,
            4.704325199127197,
            -9.327802658081055,
            1.7566883563995361,
            6.542383193969727,
            -5.696867942810059,
            13.815861701965332,
            -7.2918782234191895,
            -13.478952407836914,
            4.473073959350586,
            2.1065256595611572,
            -7.693770885467529,
            -14.933547019958496,
            0.5006757974624634,
            -3.147737979888916
        ],
        [
            1.444771409034729,
            -0.595274031162262,
            0.23028385639190674,
            -0.162061408162117,
            0.16203676164150238,
            0.574091911315918,
            0.4418329894542694,
            1.1863465309143066,
            1.7566883563995361,
            0.1240706518292427,
            1.5431466102600098,
            -0.8059594035148621,
            0.9093791842460632,
            0.3468001186847687,
            0.877973735332489,
            0.012359809130430222,
            -3.328721046447754,
            0.5688877701759338,
            0.5006757974624634,
            0.27036216855049133
        ],
        [
            0.3831874430179596,
            -3.2681353092193604,
            0.06858472526073456,
            -0.05113702267408371,
            -2.44488787651062,
            -1.179233193397522,
            -0.7464806437492371,
            0.6046339869499207,
            1.7566883563995361,
            -0.4306989014148712,
            -1.3586775064468384,
            -3.47885799407959,
            1.7264341115951538,
            2.547802209854126,
            2.0570058822631836,
            -2.9328904151916504,
            3.066638231277466,
            0.7807039022445679,
            0.5006757974624634,
            0.8645793795585632
        ],
        [
            2.7912983894348145,
            -0.927992045879364,
            -0.22481127083301544,
            -0.9551713466644287,
            0.24099527299404144,
            -0.4232332706451416,
            0.9514425992965698,
            0.30503588914871216,
            1.7566883563995361,
            0.3352987468242645,
            -0.4574562907218933,
            -1.1654026508331299,
            0.8241919875144958,
            0.2801361680030823,
            1.2625622749328613,
            -0.35426533222198486,
            0.48656636476516724,
            -0.09840592741966248,
            0.5006757974624634,
            0.22569505870342255
        ],
        [
            1.073015809059143,
            -0.5113725066184998,
            -0.8108263611793518,
            -0.9298295974731445,
            1.0553467273712158,
            -1.330307960510254,
            0.2990053594112396,
            -0.20468781888484955,
            1.7566883563995361,
            0.7060985565185547,
            -0.5901850461959839,
            -0.7404080033302307,
            0.41892558336257935,
            -0.40741321444511414,
            1.3034255504608154,
            0.10481172055006027,
            0.27308064699172974,
            -0.8459625244140625,
            0.5006757974624634,
            0.0017992203356698155
        ],
        [
            1.2324705123901367,
            -0.46404168009757996,
            -0.6726490259170532,
            -1.345884919166565,
            1.454105019569397,
            -0.4331393539905548,
            0.38259434700012207,
            0.009361286647617817,
            1.7566883563995361,
            0.5116828680038452,
            -0.45166802406311035,
            -0.41579726338386536,
            0.3730561137199402,
            -0.7440809011459351,
            0.19818294048309326,
            0.15696598589420319,
            -0.4172509014606476,
            -0.9407819509506226,
            -2.0944464206695557,
            0.33301469683647156
        ],
        [
            2.3380179405212402,
            -2.3449363708496094,
            -1.384052038192749,
            -3.3408138751983643,
            2.7236533164978027,
            -1.3198412656784058,
            0.9996793866157532,
            -1.1834075450897217,
            1.7566883563995361,
            0.9314832091331482,
            -1.3553847074508667,
            0.040247511118650436,
            -0.09898758679628372,
            -1.815948486328125,
            2.499542236328125,
            0.6729190349578857,
            0.5446332097053528,
            -2.283338785171509,
            0.5006757974624634,
            0.06950554251670837
        ],
        [
            -0.34051743149757385,
            -0.08879464119672775,
            0.3382329046726227,
            1.0598814487457275,
            -0.2533211410045624,
            0.5936550498008728,
            -0.21632033586502075,
            0.4313306212425232,
            1.7566883563995361,
            -0.3978409171104431,
            0.034529659897089005,
            -0.05275024101138115,
            0.7072176933288574,
            0.6974828243255615,
            0.03497502580285072,
            0.5704541802406311,
            0.8275910019874573,
            2.0232348442077637,
            0.5006757974624634,
            0.3655734658241272
        ]
    ],