{
    "mat_eigenvals": [
        -7.837474346160889,
        -6.855411529541016,
        -6.855411529541016,
        -6.570074558258057,
        -6.511298656463623,
        -6.337193012237549,
        -5.615453720092773,
        -5.615453720092773,
        -5.510108947753906,
        -5.299704074859619,
        -5.299704074859619,
        -4.963039875030518,
        -4.963039875030518,
        -2.6631388664245605,
        -2.6631388664245605,
        -2.288339614868164,
        -2.0935304164886475,
        -2.0935304164886475,
        -0.5000001192092896,
        -0.5000001192092896
    ],
    "mean": [
        [
            -0.3846239149570465,
            -0.9985817074775696,
            -0.2775104343891144,
            0.6172501444816589,
            -0.12131530791521072,
            0.45115959644317627,
            0.38212618231773376,
            1.0245057344436646,
            -0.3489977717399597,
            -0.053653523325920105,
            0.021452557295560837,
            0.04006411135196686,
            -0.4035775661468506,
            -1.2107259035110474,
            -0.70700603723526,
            -1.2137107849121094,
            -1.180978775024414,
            3.4628348350524902,
            0.3522663712501526,
            0.30155420303344727
        ],
        [
            -1.0989598035812378,
            -0.8093336224555969,
            0.017065033316612244,
            2.5536575317382812,
            0.7935733795166016,
            -0.5319356322288513,
            -1.7581485509872437,
            0.5630351305007935,
            -0.3489977717399597,
            0.5140717625617981,
            -0.5387306809425354,
            -0.07635188847780228,
            -0.5457369685173035,
            0.6671632528305054,
            1.7352509498596191,
            -1.7264314889907837,
            -0.14802996814250946,
            -0.9040524363517761,
            -1.4430524110794067,
            0.30155420303344727
        ],
        [
            -0.5292481780052185,
            -1.12489914894104,
            -0.31116724014282227,
            0.7025995254516602,
            -0.11465764045715332,
            0.39410725235939026,
            0.6175557971000671,
            3.4476566314697266,
            -0.3489977717399597,
            -0.028630370274186134,
            0.07744574546813965,
            0.049638018012046814,
            -0.5278719067573547,
            -1.4252851009368896,
            -1.5762616395950317,
            -1.6619983911514282,
            -2.3253016471862793,
            3.9596495628356934,
            0.794662594795227,
            0.30155420303344727
        ],
        [
            -1.0842992067337036,
            -1.9507458209991455,
            -0.6336127519607544,
            0.3948051333427429,
            -0.45903608202934265,
            0.46928584575653076,
            2.906498432159424,
            2.5988712310791016,
            -0.3489977717399597,
            -0.11887103319168091,
            0.6432889103889465,
            0.15504203736782074,
            -1.202764630317688,
            -3.4808428287506104,
            -0.18711969256401062,
            -4.096107482910156,
            -2.8697855472564697,
            8.727128982543945,
            1.0856512784957886,
            0.30155420303344727
        ],
        [
            0.006665617693215609,
            -0.2923209071159363,
            -0.20889079570770264,
            -0.8708307147026062,
            0.21299590170383453,
            0.6878530383110046,
            -0.028620097786188126,
            1.0773643255233765,
            -0.3489977717399597,
            -0.4899362623691559,
            -0.03180299699306488,
            0.04888203740119934,
            -0.5898750424385071,
            -0.7732828855514526,
            -0.9208218455314636,
            -1.8856223821640015,
            -1.0097870826721191,
            3.7710182666778564,
            0.28390607237815857,
            0.30155420303344727
        ],
        [
            -0.9120714068412781,
            -1.0365628004074097,
            -0.16071483492851257,
            1.7159736156463623,
            0.36145249009132385,
            -0.12146346271038055,
            -0.47629883885383606,
            1.0003483295440674,
            -0.3489977717399597,
            -1.4187428951263428,
            -0.20930074155330658,
            -0.010116900317370892,
            -0.6116482615470886,
            -0.4661657512187958,
            -0.375803679227829,
            -1.9641515016555786,
            -0.840185821056366,
            3.729431390762329,
            -0.10342659056186676,
            0.30155420303344727
        ],
        [
            -0.19274374842643738,
            -0.3992874026298523,
            -0.15066146850585938,
            -0.0652596652507782,
            0.1587262749671936,
            1.1531602144241333,
            0.4999515414237976,
            0.6750516295433044,
            -0.3489977717399597,
            -0.2537550628185272,
            0.694434404373169,
            0.41529589891433716,
            -0.3207991421222687,
            -0.4020765423774719,
            -0.5197495818138123,
            -0.9151568412780762,
            -0.6709108948707581,
            2.2867164611816406,
            0.29749876260757446,
            0.30155420303344727
        ],
        [
            -0.5028587579727173,
            -1.1018500328063965,
            -0.30502596497535706,
            0.687025785446167,
            -0.11587245017290115,
            0.4045175313949585,
            0.5745971202850342,
            1.1878836154937744,
            -0.3489977717399597,
            -0.033196330070495605,
            0.06722869724035263,
            0.04789106920361519,
            -0.5051920413970947,
            -1.3861346244812012,
            -1.417649269104004,
            -1.5801997184753418,
            0.5912337899208069,
            3.8689961433410645,
            0.71393883228302,
            0.30155420303344727
        ],
        [
            -0.26917922496795654,
            -0.7797239422798157,
            -0.2281724065542221,
            0.39348331093788147,
            1.601650357246399,
            0.6679313778877258,
            0.3118077516555786,
            0.8419324159622192,
            -0.3489977717399597,
            -0.11925854533910751,
            0.18105846643447876,
            0.13848194479942322,
            -0.3268148899078369,
            -0.8962011933326721,
            -0.2772424519062042,
            -0.93685382604599,
            -0.9623885750770569,
            2.924919843673706,
            0.1446256786584854,
            0.30155420303344727
        ],
        [
            -1.0123846530914307,
            -1.311586856842041,
            -1.7757891416549683,
            2.190723180770874,
            0.17979253828525543,
            -0.1560770571231842,
            -0.22583448886871338,
            0.9819560647010803,
            -0.3489977717399597,
            0.40766486525535583,
            -0.16454686224460602,
            -0.7800473570823669,
            -0.5166831016540527,
            -0.7154684662818909,
            -0.32540732622146606,
            -1.6216440200805664,
            -0.9428289532661438,
            3.580312490463257,
            -0.029583638533949852,
            0.30155420303344727
        ],
        [
            -0.7218124270439148,
            -1.6071925163269043,
            -0.33664244413375854,
            1.8995839357376099,
            -0.40940359234809875,
            0.2471921592950821,
            0.7360814809799194,
            0.9789554476737976,
            -0.3489977717399597,
            0.3223073184490204,
            0.06734481453895569,
            -1.6511502265930176,
            -0.24303826689720154,
            -1.5876866579055786,
            -0.5227531790733337,
            -0.6346997618675232,
            -1.3285008668899536,
            3.19726300239563,
