{
    "mat_eigenvals": [
        -8.39195728302002,
        -8.39195728302002,
        -8.137454986572266,
        -7.386397838592529,
        -7.386397838592529,
        -6.186588764190674,
        -6.186588764190674,
        -5.7984232902526855,
        -5.453765869140625,
        -5.028768062591553,
        -5.028768062591553,
        -4.079155445098877,
        -4.079155445098877,
        -2.4556081295013428,
        -2.4556081295013428,
        -2.01163911819458,
        -1.1891008615493774,
        -1.1891008615493774,
        -0.4999999701976776,
        -0.4999999701976776
    ],
    "mean": [
        [
            -2.823671340942383,
            2.013620376586914,
            0.6538220643997192,
            -0.32200703024864197,
            0.14832636713981628,
            1.8964412212371826,
            -0.09952693432569504,
            -0.6255245208740234,
            -1.2762762308120728,
            4.082371711730957,
            0.24047520756721497,
            2.97764253616333,
            -0.8007331490516663,
            0.19492577016353607,
            -0.9325194358825684,
            -0.2609681189060211,
            0.8997465968132019,
            1.7799853086471558,
            1.1572548151016235,
            3.676342248916626
        ],
        [
            -3.9115138053894043,
            2.2029192447662354,
            0.9046976566314697,
            -0.3238043785095215,
            0.2507188022136688,
            2.5962581634521484,
            -0.13444606959819794,
            -0.7583922743797302,
            -1.8018156290054321,
            5.102737903594971,
            0.24914322793483734,
            3.7899513244628906,
            1.3571770191192627,
            0.19492577016353607,
            -1.3006383180618286,
            -0.2111736238002777,
            1.1925721168518066,
            1.7373619079589844,
            1.3016728162765503,
            6.2047200202941895
        ],
        [
            -5.236690044403076,
            2.43351674079895,
            1.2103067636489868,
            -0.32599371671676636,
            0.375450074672699,
            3.448753833770752,
            -0.17698346078395844,
            -0.9202475547790527,
            -2.4420111179351807,
            6.345715045928955,
            0.25970232486724854,
            4.77947998046875,
            -1.3460252285003662,
            0.19492577016353607,
            -1.749069333076477,
            -0.15051551163196564,
            1.5492827892303467,
            1.6854397058486938,
            1.4775983095169067,
            2.2739269733428955
        ],
        [
            -6.252148628234863,
            1.9530640840530396,
            4.662607669830322,
            1.8797496557235718,
            1.2096052169799805,
            5.079912185668945,
            1.0231417417526245,
            -2.243381977081299,
            -4.731236934661865,
            7.298186302185059,
            -0.0978977233171463,
            5.8595871925354,
            -1.9190140962600708,
            0.19492577016353607,
            -4.346734046936035,
            0.6654682755470276,
            1.6269997358322144,
            3.15034556388855,
            2.326716899871826,
            5.519167423248291
        ],
        [
            -3.612434148788452,
            2.146167755126953,
            0.858778715133667,
            -0.3074966371059418,
            0.22785918414592743,
            2.4108636379241943,
            -0.11601478606462479,
            -0.7304532527923584,
            -1.6702148914337158,
            4.822208881378174,
            0.17049400508403778,
            3.568929433822632,
            -0.9814379811286926,
            0.19492577016353607,
            -1.2155791521072388,
            -0.21935099363327026,
            0.22881339490413666,
            1.7598598003387451,
            1.066688060760498,
            5.328540325164795
        ],
        [
            7.1766791343688965,
            0.27342960238456726,
            -1.6524349451065063,
            -0.3054848909378052,
            -0.7929495573043823,
            -4.5368571281433105,
            0.2214789241552353,
            0.5959053635597229,
            3.554917573928833,
            -5.297670364379883,
            0.16079185903072357,
            -4.489770412445068,
            1.4591388702392578,
            0.19492577016353607,
            2.4515345096588135,
            -0.7187204360961914,
            -1.7921468019485474,
            -5.249882698059082,
            -0.170355424284935,
            -7.273158550262451
        ],
        [
            -4.753413200378418,
            2.2949137687683105,
            7.938115119934082,
            -0.12158042192459106,
            2.808568000793457,
            3.6189799308776855,
            2.396709442138672,
            -1.468896508216858,
            -4.331633567810059,
            5.892414569854736,
            -0.7261476516723633,
            4.814143180847168,
            -1.4058219194412231,
            0.19492577016353607,
            -5.858326435089111,
            1.964996576309204,
            0.8024479150772095,
            4.826961040496826,
            1.345816969871521,
            0.33134526014328003
        ],
        [
            -8.10936450958252,
            1.235156774520874,
            9.67884349822998,
            0.043191563338041306,
            2.4034130573272705,
            7.635214805603027,
            2.7629528045654297,
            -2.5052127838134766,
            -8.1939058303833,
            9.040203094482422,
            -1.5208144187927246,
            7.582298755645752,
            -2.816634178161621,
            0.19492577016353607,
            -8.244584083557129,
            2.2808940410614014,
            1.7057512998580933,
            5.274007320404053,
            1.1874523162841797,
            -0.5786834359169006
        ],
        [
            2.654426097869873,
            3.555823802947998,
            -9.39586353302002,
            -0.7846324443817139,
            -1.975118637084961,
            -4.847002983093262,
            -3.388852119445801,
            1.029984712600708,
            4.629660606384277,
            -1.05592679977417,
            2.4716365337371826,
            -1.8794927597045898,
            1.568085789680481,
            0.19492577016353607,
            7.3742194175720215,
            -3.204671859741211,
            0.0907241553068161,
            -2.2350566387176514,
            1.3984031677246094,
            7.750367641448975
        ],
        [
            -3.613274574279785,
            2.9061837196350098,
            -0.6101046800613403,
            -0.34135329723358154,
            0.15556378662586212,
            4.013779640197754,
            -0.7473191022872925,
            -0.8113818764686584,
            -2.033695936203003,
            10.90956974029541,
            0.33377906680107117,
            5.71753454208374,
            -1.5445058345794678,
            0.19492577016353607,
            -1.9926581382751465,
            -0.7331765294075012,
            1.1387810707092285,
            0.9892721176147461,
            1.5736783742904663,
            2.9416115283966064
        ],
        [
            -5.2422990798950195,
            5.3572306632995605,
            5.29572057723999,
            -0.43863436579704285,
            -0.5952277779579163,
            0.7939487099647522,
            3.000861167907715,
            -1.1386739015579224,
            -3.4511969089508057,
            6.350976467132568,
            0.8029483556747437,
            4.911337375640869,
            -0.41345247626304626,
            0.19492577016353607,
            -3.916916608810425,
            1.163807988166809,
            1.8181365728378296,
            5.564404487609863,
            2.7017812728881836,
            10.661419868469238
        ]
    ],