{
    "mat_eigenvals": [
        -10.224454879760742,
        -7.661868572235107,
        -7.661868572235107,
        -7.294983863830566,
        -7.294983863830566,
        -7.120415687561035,
        -6.319434642791748,
        -6.319434642791748,
        -6.256778717041016,
        -6.130671977996826,
        -5.296270370483398,
        -5.296270370483398,
        -4.643536567687988,
        -4.643536567687988,
        -3.3356781005859375,
        -3.3356781005859375,
        -3.3105998039245605,
        -1.8770864009857178,
        -1.8770864009857178,
        -0.4999999403953552
    ],
    "mean": [
        [
            2.5350515842437744,
            -0.776807963848114,
            -0.18622708320617676,
            0.4352996349334717,
            0.6604320406913757,
            2.7215120792388916,
            0.37612706422805786,
            -1.7446956634521484,
            -2.3050923347473145,
            -1.0726808309555054,
            3.9224345684051514,
            8.714391708374023,
            0.28294652700424194,
            -0.9830923676490784,
            1.012028694152832,
            -0.7949709296226501,
            -1.5034865140914917,
            5.696376800537109,
            -0.9209883213043213,
            -0.5342333912849426
        ],
        [
            6.1967244148254395,
            -1.2725733518600464,
            -0.5238499045372009,
            0.3452569544315338,
            0.6881664991378784,
            5.797967910766602,
            0.4460287094116211,
            -4.00346565246582,
            -4.600314140319824,
            -1.4521770477294922,
            8.175713539123535,
            18.99657440185547,
            0.26745325326919556,
            -2.064974308013916,
            3.7146668434143066,
            -2.053722381591797,
            -3.8010001182556152,
            11.645231246948242,
            -1.6390453577041626,
            -1.5334627628326416
        ],
        [
            2.2764105796813965,
            -0.6835440397262573,
            -0.14469139277935028,
            0.43889474868774414,
            0.6564826369285583,
            1.7743371725082397,
            0.36617347598075867,
            -1.5982682704925537,
            -1.9662266969680786,
            -0.8004569411277771,
            3.6544928550720215,
            7.9987053871154785,
            0.09377727657556534,
            -0.9149374961853027,
            0.851469099521637,
            -0.6795911192893982,
            -1.3677138090133667,
            5.2706074714660645,
            -0.848196804523468,
            -0.47202521562576294
        ],
        [
            2.6249003410339355,
            -0.7651448845863342,
            -0.20444530248641968,
            0.4457995295524597,
            0.6562174558639526,
            2.747333288192749,
            0.3655048608779907,
            -2.0239291191101074,
            -2.3103525638580322,
            -0.9961012601852417,
            4.455842971801758,
            8.34003734588623,
            0.2925032079219818,
            -1.118772268295288,
            1.0011712312698364,
            -1.8366984128952026,
            -1.8080503940582275,
            5.692778587341309,
            -0.9776696562767029,
            -0.5387578010559082
        ],
        [
            2.149888277053833,
            0.04271647706627846,
            0.11478611081838608,
            0.8100982904434204,
            0.5426507592201233,
            1.7957643270492554,
            0.07927308976650238,
            -1.2835901975631714,
            -1.5178824663162231,
            -0.7964048385620117,
            3.116913080215454,
            4.971014976501465,
            0.030996525660157204,
            -0.7781964540481567,
            1.0873007774353027,
            -0.7458135485649109,
            -1.2717911005020142,
            3.537262201309204,
            -0.452894002199173,
            1.5632128715515137
        ],
        [
            1.8822001218795776,
            0.49700286984443665,
            0.29443541169166565,
            0.4498986005783081,
            0.47880393266677856,
            1.260432243347168,
            -0.08164576441049576,
            -0.8655549883842468,
            -1.0721518993377686,
            -0.6845459342002869,
            2.3607125282287598,
            3.0784378051757812,
            -0.11613613367080688,
            -0.5858463048934937,
            1.1358059644699097,
            -0.12610432505607605,
            -0.9683834314346313,
            2.324981927871704,
            -0.15741485357284546,
            -0.06773447245359421
        ],
        [
            1.2751941680908203,
            -1.1451356410980225,
            -1.5673213005065918,
            0.08246774226427078,
            0.7718583941459656,
            2.667942762374878,
            0.6569650173187256,
            -1.8014544248580933,
            -2.2262346744537354,
            -1.3181850910186768,
            3.4723217487335205,
            8.159029006958008,
            0.6284988522529602,
            -0.8685997724533081,
            -0.2305917590856552,
            -0.5398444533348083,
            -0.67877596616745,
            5.444138526916504,
            -1.138384222984314,
            -0.43872714042663574
        ],
        [
            0.2449895441532135,
            0.6823198199272156,
            0.8293174505233765,
            0.16063500940799713,
            -5.0313239097595215,
            -2.7318434715270996,
            -1.25143301486969,
            4.208913803100586,
            2.4719629287719727,
            2.381758213043213,
            -9.125043869018555,
            -11.397648811340332,
            -1.0061262845993042,
            2.3357181549072266,
            0.7798835635185242,
            0.3490300178527832,
            -0.8195555210113525,
            -7.556756496429443,
            1.8849375247955322,
            0.7306575775146484
        ],
        [
            2.5315239429473877,
            -0.4801725745201111,
            -0.07857374101877213,
            0.5221812725067139,
            0.48744305968284607,
            1.6825542449951172,
            -0.05987214297056198,
            -1.6168739795684814,
            -1.297548532485962,
            -0.6553773283958435,
            3.6623828411102295,
            2.475604772567749,
            0.05945692956447601,
            -0.9169445633888245,
            0.8912752866744995,
            -0.7776228785514832,
            -1.5853757858276367,
            2.7990152835845947,
            -0.7405810356140137,
            0.0007118626381270587
        ],
        [
            3.1131510734558105,
            -1.2268177270889282,
            -0.4924362599849701,
            0.3485833406448364,
            0.9393297433853149,
            4.721997261047363,
            1.0790576934814453,
            -3.7478439807891846,
            -4.119195461273193,
            -1.322767734527588,
            7.777029991149902,
            17.35747718811035,
            0.7387442588806152,
            -1.9635635614395142,
            1.1563292741775513,
            -0.983922004699707,
            -3.297236442565918,
            10.793962478637695,
            -1.6005831956863403,
            -1.508434534072876
        ],
        [
            2.5350515842437744,
            -0.776807963848114,
            -0.18622708320617676,
            1.3450584411621094,
            0.6604320406913757,
            2.7215120792388916,
            0.37612706422805786,
            -1.7446956634521484,
            -2.3050923347473145,
            -1.0726808309555054,
            3.9224345684051514,
            8.714391708374023,
            0.28294652700424194,
            -0.9830923676490784,
            1.012028694152832,
            -0.7949709296226501,
            -1.5034865140914917,
            5.696376800537109,
            -0.9209883213043213,
            -0.5342333912849426
        ]
    ],