{
    "mat_eigenvals": [
        -8.692461967468262,
        -6.668767929077148,
        -6.590197563171387,
        -6.297711372375488,
        -6.297711372375488,
        -4.97877311706543,
        -4.565417766571045,
        -4.565417766571045,
        -4.386528491973877,
        -4.386528491973877,
        -4.169689178466797,
        -3.515498399734497,
        -3.515498399734497,
        -2.6397316455841064,
        -2.5432116985321045,
        -2.2593765258789062,
        -2.0547890663146973,
        -1.9565892219543457,
        -1.9565892219543457,
        -0.4999999701976776
    ],
    "mean": [
        [
            -2.385631561279297,
            -1.4146578311920166,
            -0.5706260800361633,
            0.05874289199709892,
            -0.7722741365432739,
            -1.3646738529205322,
            1.9059019088745117,
            0.37552565336227417,
            -0.2009984403848648,
            1.4897394180297852,
            -0.18205183744430542,
            1.0801950693130493,
            -2.8453660011291504,
            -1.6508039236068726,
            5.484161853790283,
            -0.30685561895370483,
            -0.7850279808044434,
            1.2839457988739014,
            -1.562505841255188,
            3.2061574459075928
        ],
        [
            -2.7578275203704834,
            -3.209787130355835,
            4.04686975479126,
            -0.04592983052134514,
            -0.6550758481025696,
            -1.9067883491516113,
            2.1687073707580566,
            0.37552565336227417,
            -0.2009984403848648,
            3.1360855102539062,
            -0.18205183744430542,
            1.0801950693130493,
            -3.240914821624756,
            -2.2831084728240967,
            6.170281410217285,
            -0.30685561895370483,
            -0.8278522491455078,
            2.2009801864624023,
            -1.7213433980941772,
            3.8860061168670654
        ],
        [
            -0.8705798387527466,
            -0.21551014482975006,
            -1.5580153465270996,
            0.34502923488616943,
            -0.5699129104614258,
            0.11804318428039551,
            0.6423676013946533,
            0.37552565336227417,
            -0.2009984403848648,
            1.024355411529541,
            -0.18205183744430542,
            1.0801950693130493,
            -1.2352564334869385,
            -0.97862309217453,
            2.1068806648254395,
            -0.30685561895370483,
            -0.6303424835205078,
            0.1913706213235855,
            1.0301508903503418,
            1.3467278480529785
        ],
        [
            -5.106103897094727,
            -1.7115123271942139,
            0.46806958317756653,
            -0.06228133663535118,
            -1.9142990112304688,
            -1.9914751052856445,
            4.0998215675354,
            0.37552565336227417,
            -0.2009984403848648,
            3.2091734409332275,
            -0.18205183744430542,
            1.0801950693130493,
            -5.7365288734436035,
            -2.7891101837158203,
            11.322555541992188,
            -0.30685561895370483,
            -2.050100088119507,
            2.177766799926758,
            -2.9140994548797607,
            8.278308868408203
        ],
        [
            -1.211081862449646,
            0.08557672798633575,
            -1.034968614578247,
            0.2454204112291336,
            -1.5677353143692017,
            -0.397845059633255,
            1.4097957611083984,
            0.37552565336227417,
            -0.2009984403848648,
            1.137467622756958,
            -0.18205183744430542,
            1.0801950693130493,
            -1.5971221923828125,
            1.1194491386413574,
            4.323975086212158,
            -0.30685561895370483,
            0.3652065694332123,
            1.2706263065338135,
            -1.2939213514328003,
            1.9936875104904175
        ],
        [
            -3.6218056678771973,
            -0.4757312834262848,
            -1.9482723474502563,
            0.08084721863269806,
            -0.9964197874069214,
            -1.2501922845840454,
            1.9209562540054321,
            0.37552565336227417,
            -0.2009984403848648,
            1.8076951503753662,
            -0.18205183744430542,
            1.0801950693130493,
            -4.1591010093688965,
            -1.465029001235962,
            5.175897121429443,
            -0.30685561895370483,
            -1.9658279418945312,
            1.418213129043579,
            -1.4911422729492188,
            3.062589406967163
        ],
        [
            -2.1045925617218018,
            -0.059186141937971115,
            -4.057219505310059,
            0.13777951896190643,
            -0.8607685565948486,
            -0.9553321599960327,
            1.7074615955352783,
            0.37552565336227417,
            -0.2009984403848648,
            2.235231399536133,
            -0.18205183744430542,
            1.0801950693130493,
            -2.546694278717041,
            -1.1733616590499878,
            4.9660844802856445,
            -0.30685561895370483,
            -0.7526918053627014,
            0.5915087461471558,
            -1.4425703287124634,
            2.692814350128174
        ],
        [
            0.09392697364091873,
            3.3708317279815674,
            -2.0317609310150146,
            0.5091496706008911,
            -0.8333649039268494,
            0.9680453538894653,
            0.7279341220855713,
            0.37552565336227417,
            -0.2009984403848648,
            0.732464611530304,
            -0.18205183744430542,
            1.0801950693130493,
            -0.21023373305797577,
            0.25851693749427795,
            2.640888214111328,
            -0.30685561895370483,
            -0.09182573109865189,
            2.1336252689361572,
            -0.9042850732803345,
            0.2807667553424835
        ],
        [
            -1.416854977607727,
            -0.2882019877433777,
            -1.6194530725479126,
            0.29069435596466064,
            -0.6728782057762146,
            -0.16336508095264435,
            1.315805435180664,
            0.37552565336227417,
            -0.2009984403848648,
            1.1803470849990845,
            -0.18205183744430542,
            1.0801950693130493,
            -1.815806269645691,
            -1.1000993251800537,
            3.981635332107544,
            -0.30685561895370483,
            -0.870519757270813,
            0.43448537588119507,
            -1.2146694660186768,
            1.6996333599090576
        ],
        [
            -0.5909783244132996,
            -1.148857831954956,
            -0.43233558535575867,
            0.244689479470253,
            -0.513571560382843,
            -0.40163078904151917,
            1.3782155513763428,
            0.37552565336227417,
            -0.2009984403848648,
            0.9754695892333984,
            2.57120680809021,
            1.0801950693130493,
            -0.9381117820739746,
            -1.3114683628082275,
            4.406143665313721,
            -0.30685561895370483,
            0.04503729194402695,
            0.4380446970462799,
            -1.3129435777664185,
            1.998435139656067
        ],
        [
            -3.639103889465332,
            -1.2333334684371948,
            -1.2031711339950562,
            1.6966809034347534,
            -1.247582197189331,
            -1.7122251987457275,
            2.7392070293426514,
            0.37552565336227417,
            -0.2009984403848648,
            1.8337687253952026,
            -0.18205183744430542,
            1.0801950693130493,
            -4.17748498916626,
            -1.9994615316390991,
            7.638739109039307,
            -0.30685561895370483,
            -1.3655980825424194,
            1.5983225107192993,
            -2.0612921714782715,
            3.6420109272003174
        ]
