{
    "mat_eigenvals": [
        -9.347806930541992,
        -7.427821159362793,
        -6.807984828948975,
        -6.798996448516846,
        -6.798996448516846,
        -6.554792881011963,
        -5.331484317779541,
        -5.331484317779541,
        -3.4272754192352295,
        -3.4272754192352295,
        -2.240084648132324,
        -2.240084648132324,
        -2.1951522827148438,
        -1.8673745393753052,
        -1.8673745393753052,
        -0.9030241370201111,
        -0.9030241370201111,
        -0.6252488493919373,
        -0.5000000596046448,
        -0.5000000596046448
    ],
    "mean": [
        [
            3.716461181640625,
            2.007052183151245,
            -1.4922512769699097,
            -3.3464226722717285,
            -0.6795443296432495,
            -0.6138399839401245,
            -0.6635606288909912,
            -1.3806941509246826,
            -0.10851945728063583,
            -0.295061320066452,
            1.651950478553772,
            5.582498550415039,
            -1.4908958673477173,
            0.9580637812614441,
            -0.08085399866104126,
            0.033948034048080444,
            2.203707218170166,
            -0.5756104588508606,
            0.28995370864868164,
            1.8518041372299194
        ],
        [
            1.3500369787216187,
            1.013357162475586,
            0.5585513710975647,
            -1.9226553440093994,
            0.29100313782691956,
            0.23017650842666626,
            -0.347147673368454,
            2.041180372238159,
            -2.4489974975585938,
            -0.22117945551872253,
            0.7100276947021484,
            2.461915969848633,
            0.8768413662910461,
            -1.2436177730560303,
            0.6660963296890259,
            0.29098305106163025,
            4.105788230895996,
            -3.3008227348327637,
            -0.34182289242744446,
            0.14908908307552338
        ],
        [
            8.715081214904785,
            3.9502015113830566,
            -2.1472067832946777,
            -6.265959739685059,
            -1.3908039331436157,
            -0.3605600893497467,
            -1.3123884201049805,
            -0.021963728591799736,
            -2.2682063579559326,
            0.1606774479150772,
            3.3403632640838623,
            11.68472957611084,
            -4.952663898468018,
            1.2354800701141357,
            0.143297478556633,
            -0.4931207299232483,
            5.23806095123291,
            -3.0903117656707764,
            -0.29302096366882324,
            2.527928113937378
        ],
        [
            1.6009234189987183,
            -0.9596827030181885,
            2.1299219131469727,
            2.428724527359009,
            0.09403795003890991,
            2.4546258449554443,
            0.6198877692222595,
            1.4612516164779663,
            1.2091864347457886,
            -0.9387625455856323,
            0.62178635597229,
            -3.734184980392456,
            0.6418763399124146,
            -2.367450714111328,
            -4.157273769378662,
            1.076545000076294,
            1.6956863403320312,
            0.958703875541687,
            0.6456483602523804,
            0.4542910158634186
        ],
        [
            6.512469291687012,
            3.4068894386291504,
            -1.1546257734298706,
            -5.007022857666016,
            -1.0458651781082153,
            -0.5103809237480164,
            -1.0326067209243774,
            -1.069549560546875,
            0.3799114227294922,
            -0.18565240502357483,
            1.2701019048690796,
            9.978524208068848,
            -2.8976101875305176,
            0.26829618215560913,
            0.01070685125887394,
            -0.2658429443836212,
            3.829479455947876,
            -0.006889834068715572,
            0.4217981696128845,
            2.7465479373931885
        ],
        [
            0.8926063776016235,
            0.7268341183662415,
            3.687821388244629,
            -1.4051272869110107,
            1.4477523565292358,
            0.6332557797431946,
            -0.23213398456573486,
            3.3762009143829346,
            0.7948334813117981,
            0.2121252566576004,
            0.9457218050956726,
            1.5621236562728882,
            1.6140397787094116,
            -4.888953685760498,
            1.0228195190429688,
            0.38441330194473267,
            4.94649600982666,
            -9.715041160583496,
            -1.8288086652755737,
            1.1976351737976074
        ],
        [
            3.147987127304077,
            3.4670653343200684,
            -0.765082836151123,
            -5.120054244995117,
            -0.2868051528930664,
            -1.4115972518920898,
            -1.057726502418518,
            -0.5002174377441406,
            -0.6170720458030701,
            -0.08830801397562027,
            2.049529552459717,
            10.167498588562012,
            -3.0779078006744385,
            -0.21613845229148865,
            -0.7868650555610657,
            -0.28624874353408813,
            4.365799903869629,
            -1.1677602529525757,
            0.15267765522003174,
            1.8386374711990356
        ],
        [
            2.540367364883423,
            1.6435749530792236,
            -3.8083763122558594,
            -2.8094451427459717,
            -1.3983250856399536,
            -1.387363314628601,
            -0.544224739074707,
            -4.537492275238037,
            0.5622677206993103,
            -0.7949749231338501,
            1.1275384426116943,
            4.4410400390625,
            -1.2666198015213013,
            3.8150601387023926,
            -0.7654185891151428,
            0.13088935613632202,
            -0.7991189360618591,
            0.2054426670074463,
            1.6843469142913818,
            1.8325169086456299
        ],
        [
            -4.348688125610352,
            -1.1281700134277344,
            -0.43549713492393494,
            1.3641772270202637,
            0.4680549204349518,
            -1.022500991821289,
            0.38330647349357605,
            -3.5729715824127197,
            3.3760809898376465,
            -1.0303844213485718,
            -1.0722613334655762,
            -4.263298988342285,
            -2.868609666824341,
            0.510459303855896,
            -0.44251686334609985,
            0.8843603730201721,
            -2.6921467781066895,
            3.4817984104156494,
            1.230568766593933,
            0.7608957290649414
        ],
        [
            7.364225387573242,
            3.1595470905303955,
            1.2620850801467896,
            -5.990332126617432,
            1.0408546924591064,
            -0.030742153525352478,
            -1.251133680343628,
            4.331280708312988,
            -2.50665020942688,
            2.6464786529541016,
            3.5267748832702637,
            9.201773643493652,
            -1.7454173564910889,
            -2.7858383655548096,
            0.4351847469806671,
            -5.353918075561523,
            8.119483947753906,
            -3.367952823638916,
            -0.3573853075504303,
            2.7720236778259277
        ],
        [
            3.350391387939453,
            0.8687220811843872,
            -1.028273344039917,
            -2.204226016998291,
            -0.1499645709991455,
            -0.34123730659484863,
            -2.047323226928711,
            -1.466418743133545,
            -0.5640339255332947,
            0.314730167388916,
            2.0080652236938477,
            2.0077061653137207,
            0.016602426767349243,
            -0.6711275577545166,
            0.16039808094501495,
            -1.09013831615448,
            1.02200448513031,
            -1.106003761291504,
            0.16699449717998505,
            2.3470749855041504
        ]
    ],