{
    "mat_eigenvals": [
        -9.100512504577637,
        -9.100512504577637,
        -8.529144287109375,
        -8.529144287109375,
        -7.054041385650635,
        -6.6976237297058105,
        -6.6976237297058105,
        -6.38591194152832,
        -6.38591194152832,
        -6.297521591186523,
        -5.8463006019592285,
        -5.50777530670166,
        -4.705366134643555,
        -4.705366134643555,
        -3.983369827270508,
        -2.6368744373321533,
        -2.598862409591675,
        -2.598862409591675,
        -1.4835617542266846,
        -0.5000001192092896
    ],
    "mean": [
        [
            -0.3387920558452606,
            -0.44889968633651733,
            0.11583864688873291,
            -1.1334269046783447,
            0.38734254240989685,
            -0.8304453492164612,
            -0.38644668459892273,
            0.039764054119586945,
            -0.006177025381475687,
            0.15439341962337494,
            -0.007102391682565212,
            0.03597969189286232,
            -0.26322728395462036,
            0.2547854781150818,
            0.36762502789497375,
            0.09864063560962677,
            0.30594560503959656,
            -0.4436764121055603,
            -0.15287256240844727,
            -0.1303100883960724
        ],
        [
            -1.4849555492401123,
            -0.9254714250564575,
            0.011492477729916573,
            -4.230166912078857,
            1.1868759393692017,
            -0.63279128074646,
            -1.3815428018569946,
            0.042071633040905,
            -0.14236164093017578,
            0.3784886300563812,
            -0.01662399061024189,
            -1.0313174724578857,
            -0.4755987823009491,
            -0.20975393056869507,
            0.32234522700309753,
            -0.2596765458583832,
            -0.09192490577697754,
            -0.9119288325309753,
            0.7028433084487915,
            -0.6581639647483826
        ],
        [
            -0.4180600643157959,
            -0.48185908794403076,
            0.12081699818372726,
            -1.4537230730056763,
            0.36181044578552246,
            -0.5237504243850708,
            0.42288798093795776,
            0.012804961763322353,
            -0.21749119460582733,
            0.14370188117027283,
            0.11207200586795807,
            -0.8058943748474121,
            -0.27791470289230347,
            0.747369647026062,
            0.3697853088378906,
            -0.45735087990760803,
            0.1795133650302887,
            1.7290959358215332,
            -0.450587660074234,
            -0.16681623458862305
        ],
        [
            -0.03798086941242218,
            -0.32382309436798096,
            0.09694647789001465,
            0.08205265551805496,
            0.48423343896865845,
            -1.9943104982376099,
            -3.457760810852051,
            0.14207011461257935,
            0.795731246471405,
            0.19496655464172363,
            -0.45935288071632385,
            3.230776786804199,
            -0.2074902206659317,
            -4.725282192230225,
            0.3594268560409546,
            2.208552360534668,
            0.7857387661933899,
            -0.3207833468914032,
            0.9769154191017151,
            0.00822542980313301
        ],
        [
            -0.3849538266658783,
            -0.46809354424476624,
            0.22605083882808685,
            -1.289509892463684,
            0.4361567795276642,
            -0.6809902787208557,
            -0.005654132459312677,
            0.8548315763473511,
            -0.10915229469537735,
            -0.0822996273636818,
            -0.06046413630247116,
            -0.5266066193580627,
            -0.27178049087524414,
            0.7161387801170349,
            0.41545015573501587,
            -0.17229901254177094,
            0.4993288516998291,
            -0.4625352919101715,
            -0.289456844329834,
            -0.1515694260597229
        ],
        [
            -0.3749511241912842,
            -0.4639344811439514,
            -0.1483205109834671,
            -0.8030223846435547,
            0.374688059091568,
            -1.1468195915222168,
            -1.377429485321045,
            0.2602989077568054,
            0.2118063122034073,
            0.72170490026474,
            0.8323308229446411,
            1.1870062351226807,
            -0.26992714405059814,
            -0.8544195890426636,
            0.2529965043067932,
            0.6721793413162231,
            0.46149200201034546,
            -0.4584488272666931,
            -1.6762837171554565,
            -0.14696279168128967
        ],
        [
            0.6101982593536377,
            -0.0543118454515934,
            -0.6723314523696899,
            0.16700658202171326,
            -0.4016355872154236,
            -2.0756566524505615,
            -2.779589891433716,
            0.7769593000411987,
            0.8517794013023376,
            1.8470771312713623,
            0.4057374894618988,
            4.891407012939453,
            -0.08738970011472702,
            -3.030102252960205,
            0.02560872957110405,
            2.3560211658477783,
            1.1989260911941528,
            -0.0559769831597805,
            0.4460805058479309,
            0.3067377507686615
        ],
        [
            0.03196150064468384,
            -0.2947411835193634,
            0.09255378693342209,
            0.3646668493747711,
            0.5067618489265442,
            -2.264923334121704,
            -4.17188024520874,
            0.16585756838321686,
            0.9821850061416626,
            0.20440028607845306,
            -0.5645067691802979,
            3.9736077785491943,
            -0.19453065097332,
            -2.0491373538970947,
            0.35752084851264954,
            2.6991336345672607,
            0.8972967863082886,
            -0.2922091484069824,
            1.2396050691604614,
            0.040436677634716034
        ],
        [
            -1.2348177433013916,
            -0.8214647769927979,
            0.03426491096615791,
            -1.294797658920288,
            1.0123862028121948,
            -0.6759271621704102,
            -1.1643736362457275,
            0.04156802222132683,
            -0.11264081299304962,
            0.32958221435546875,
            -0.014546001330018044,
            -0.7983911633491516,
            -0.42925092577934265,
            -0.10837320238351822,
            0.33222708106040955,
            -0.18147766590118408,
            -0.005093943793326616,
            -0.8097376227378845,
            0.5160924196243286,
            -4.26654052734375
        ],
        [
            -0.155318021774292,
            -0.37261155247688293,
            -0.036543089896440506,
            -0.8820061683654785,
            0.23480455577373505,
            -1.0711898803710938,
            -0.8491277098655701,
            0.18229055404663086,
            0.15969693660736084,
            0.48165038228034973,
            1.735653281211853,
            0.9747093319892883,
            -0.22923152148723602,
            -0.38030198216438293,
            0.3015008270740509,
            0.5350737571716309,
            0.4785909950733185,
            -0.368720144033432,
            -0.03707333281636238,
            -0.04581298679113388
        ],
        [
            -0.3524636924266815,
            -0.4545842409133911,
            0.11669730395078659,
            -1.1886690855026245,
            -0.5340016484260559,
            -0.7775490283966064,
            -0.2468588799238205,
            0.035114362835884094,
            -0.04262286424636841,
            0.15254946053028107,
            0.013451891951262951,
            -0.10922029614448547,
            -0.2657604515552521,
            -0.05014503374695778,
            0.36799755692481995,
            0.002747482853010297,
            0.2841395437717438,
            -0.449261873960495,
