{
    "mat_eigenvals": [
        -9.72884464263916,
        -8.173373222351074,
        -7.184301853179932,
        -6.936522960662842,
        -6.7524309158325195,
        -6.397156238555908,
        -6.244353771209717,
        -6.052962779998779,
        -5.797099590301514,
        -5.797099590301514,
        -5.754017353057861,
        -5.739046573638916,
        -4.960626125335693,
        -4.960626125335693,
        -2.8237552642822266,
        -2.8237552642822266,
        -1.7300653457641602,
        -0.954880952835083,
        -0.954880952835083,
        -0.5000002384185791
    ],
    "mean": [
        [
            -0.057007212191820145,
            0.30454155802726746,
            -0.2255401462316513,
            -0.10293847322463989,
            -0.5812492370605469,
            -0.3861653506755829,
            0.17393352091312408,
            0.36315596103668213,
            1.753273844718933,
            0.14192795753479004,
            -0.3061355650424957,
            0.4333294928073883,
            0.07599010318517685,
            -0.10182958096265793,
            -1.1776196956634521,
            0.05978702753782272,
            0.011751952581107616,
            -0.6252907514572144,
            -0.2971642315387726,
            -0.7255948185920715
        ],
        [
            -0.057007212191820145,
            -0.9037298560142517,
            -2.1889193058013916,
            -0.8527536988258362,
            0.41035935282707214,
            -0.5482805371284485,
            0.23634269833564758,
            -1.073779821395874,
            1.573896884918213,
            0.964618444442749,
            -1.3629111051559448,
            -0.12228521704673767,
            -3.4778125286102295,
            -1.2127074003219604,
            -0.12332766503095627,
            1.332294225692749,
            0.48048141598701477,
            -0.5262665152549744,
            -0.2606448233127594,
            -2.8322317600250244
        ],
        [
            -0.057007212191820145,
            0.6304465532302856,
            0.30612510442733765,
            -0.18067330121994019,
            -3.0413668155670166,
            -0.3492286801338196,
            0.1575646996498108,
            0.21588662266731262,
            1.8002114295959473,
            0.3870605230331421,
            -0.02030576393008232,
            0.5831944346427917,
            -0.337302565574646,
            0.07328628748655319,
            -1.4619921445846558,
            0.19171038269996643,
            -0.11517571657896042,
            -0.6835558414459229,
            -0.3054848909378052,
            -1.5548094511032104
        ],
        [
            -0.057007212191820145,
            -0.3098350763320923,
            -1.2278039455413818,
            0.04360267147421837,
            -0.07574478536844254,
            -0.4557962417602539,
            0.20479105412960052,
            0.6407795548439026,
            1.6647894382476807,
            -0.32018131017684937,
            -0.844964861869812,
            0.15081290900707245,
            0.8551049828529358,
            -0.43194764852523804,
            -0.6415378451347351,
            -0.18890704214572906,
            0.251028448343277,
            -0.5154529213905334,
            -0.28147855401039124,
            0.8375909328460693
        ],
        [
            -0.057007212191820145,
            11.4345703125,
            3.2060086727142334,
            -2.7576725482940674,
            -8.118943214416504,
            -0.12272047251462936,
            -3.6646885871887207,
            1.3418551683425903,
            13.554888725280762,
            0.04113759472966194,
            3.8964896202087402,
            5.551390171051025,
            2.356271982192993,
            0.06456180661916733,
            -20.76690673828125,
            4.565121650695801,
            -0.8074827790260315,
            -0.8882344365119934,
            -0.3565099835395813,
            -1.0433398485183716
        ],
        [
            -0.057007212191820145,
            -0.4918317496776581,
            -0.42354893684387207,
            0.08701251447200775,
            -0.28873804211616516,
            -0.4017944633960724,
            0.45917823910713196,
            0.2737378478050232,
            0.875932514667511,
            0.17648319900035858,
            -0.5889005064964294,
            0.06712309271097183,
            -0.14008007943630219,
            -0.09497113525867462,
            -0.48273441195487976,
            -0.2625776529312134,
            0.059023816138505936,
            -0.61204993724823,
            0.5304688811302185,
            -0.7932292819023132
        ],
        [
            -0.057007212191820145,
            0.35892871022224426,
            -0.13681556284427643,
            -0.11591089516878128,
            -0.6259985566139221,
            -0.38000136613845825,
            0.17120185494422913,
            0.33857962489128113,
            1.7611067295074463,
            0.18283583223819733,
            -1.1643218994140625,
            0.45833897590637207,
            0.007019576150923967,
            -0.072606161236763,
            -1.2250759601593018,
            0.08180245757102966,
            -0.009429801255464554,
            -0.6350141167640686,
            -0.2985527813434601,
            -0.8639746904373169
        ],
        [
            -0.057007212191820145,
            -2.3988730907440186,
            -4.44426965713501,
            0.5418800711631775,
            1.580020546913147,
            -1.315761685371399,
            0.35236242413520813,
            -0.8216994404792786,
            1.2312970161437988,
            3.340838670730591,
            -2.60483717918396,
            -0.8098158240318298,
            -4.643463134765625,
            -1.478829026222229,
            1.181278109550476,
            -1.034530758857727,
            1.0189149379730225,
            -3.038067102432251,
            -0.08775568008422852,
            -2.2845346927642822
        ],
        [
            -0.057007212191820145,
            -5.1827311515808105,
            -8.727076530456543,
            1.205885887145996,
            3.78535795211792,
            -2.4730234146118164,
            0.5497875213623047,
            -2.814117908477783,
            0.6512261033058167,
            2.61781907081604,
            -4.948740482330322,
            -2.089951992034912,
            -12.11819839477539,
            -2.8725383281707764,
            3.6103670597076416,
            -2.1614115238189697,
            2.0413758754730225,
            -6.452077388763428,
            0.17293855547904968,
            -6.597654342651367
        ],
        [
            -0.057007212191820145,
            3.262761354446411,
            4.397149085998535,
            -0.8085331916809082,
            -2.9483110904693604,
            0.6104438304901123,
            -0.019902758300304413,
            1.580124020576477,
            2.320063591003418,
            -0.6139577031135559,
            2.211615800857544,
            1.793644905090332,
            4.97088098526001,
            1.4074556827545166,
            -3.7588515281677246,
            1.257248044013977,
            -1.0918506383895874,
            1.9191452264785767,
            -0.5216686725616455,
            6.048746585845947
        ],
        [
            -0.057007212191820145,
            3.384639263153076,
            4.780523300170898,
            -0.8376032710075378,
            -3.109384775161743,
            0.023638181388378143,
            0.015078118070960045,
            3.753896713256836,
            2.2098007202148438,
            -1.7175135612487793,
            2.3881731033325195,
            1.8496893644332886,
            8.436928749084473,
            1.5458084344863892,
            -3.865196704864502,
            1.3065824508666992,
            -1.1833758354187012,
            -0.8937845230102539,
            -0.38947996497154236,
