{
    "mat_eigenvals": [
        -9.920124053955078,
        -9.920124053955078,
        -9.008565902709961,
        -7.407804012298584,
        -7.389860153198242,
        -7.381303310394287,
        -7.381303310394287,
        -6.903364658355713,
        -6.903364658355713,
        -6.151063919067383,
        -5.157341003417969,
        -3.713503122329712,
        -3.713503122329712,
        -3.5833654403686523,
        -2.9843342304229736,
        -2.9843342304229736,
        -2.1940126419067383,
        -1.9175300598144531,
        -1.9175300598144531,
        -0.5000001192092896
    ],
    "mean": [
        [
            0.6496996283531189,
            -0.11918945610523224,
            0.5380584597587585,
            0.10941744595766068,
            -0.14829130470752716,
            0.05307142809033394,
            -0.3666599690914154,
            -1.2790725231170654,
            -0.12886886298656464,
            -0.7526858448982239,
            0.36958253383636475,
            -1.2793653011322021,
            0.7716578245162964,
            -0.018309935927391052,
            -0.2412138283252716,
            -0.5220579504966736,
            0.5490225553512573,
            -0.37433817982673645,
            0.5794366002082825,
            0.6696813702583313
        ],
        [
            11.554394721984863,
            -0.11918945610523224,
            3.774857521057129,
            -0.7704823017120361,
            -1.975229024887085,
            -0.5477921366691589,
            -0.3001493811607361,
            -4.150660514831543,
            -0.12886886298656464,
            -1.5706939697265625,
            -1.4583302736282349,
            -3.7105462551116943,
            5.9525275230407715,
            -0.37556132674217224,
            0.9599597454071045,
            -2.400200843811035,
            1.578712821006775,
            -1.8125636577606201,
            1.2146766185760498,
            0.09711457043886185
        ],
        [
            1.6983880996704102,
            -0.11918945610523224,
            1.106285572052002,
            -0.045050881803035736,
            -0.31603842973709106,
            0.10408862680196762,
            -0.7736326456069946,
            -1.7831860780715942,
            -0.12886886298656464,
            -0.8912580013275146,
            0.5247840881347656,
            2.7151389122009277,
            1.2664467096328735,
            -0.7487707734107971,
            -0.23394717276096344,
            -0.7275086641311646,
            0.7020300030708313,
            1.209418773651123,
            0.831539511680603,
            0.617108941078186
        ],
        [
            1.7100229263305664,
            1.248606562614441,
            0.491468608379364,
            0.12208253145217896,
            -0.33710920810699463,
            -0.15835034847259521,
            0.22108674049377441,
            -1.2377396821975708,
            -0.12886886298656464,
            -0.7479864358901978,
            -0.27359268069267273,
            -1.10137140750885,
            2.073376417160034,
            -0.12623710930347443,
            0.027801860123872757,
            -0.6697607040405273,
            0.573233425617218,
            -0.19470293819904327,
            0.3726024627685547,
            0.6105053424835205
        ],
        [
            8.405534744262695,
            -0.11918945610523224,
            2.840193033218384,
            -0.5164006948471069,
            -1.447678804397583,
            -0.37428557872772217,
            -0.3193551003932953,
            -3.3214550018310547,
            -0.12886886298656464,
            -1.334484338760376,
            -0.9304984211921692,
            -3.008514404296875,
            6.883005142211914,
            -0.2724006772041321,
            0.6131064891815186,
            -1.8578646183013916,
            1.2813774347305298,
            -1.3972588777542114,
            1.0312434434890747,
            0.26245009899139404
        ],
        [
            3.90664005279541,
            -0.11918945610523224,
            1.5149548053741455,
            -0.15614449977874756,
            -1.0426347255706787,
            -0.12209206074476242,
            -0.42671075463294983,
            -2.1457443237304688,
            -0.12886886298656464,
            -1.0558840036392212,
            -0.16328978538513184,
            -1.7851345539093018,
            2.4703354835510254,
            -0.306397944688797,
            0.23136547207832336,
            -2.150084972381592,
            1.1704915761947632,
            -0.5550203919410706,
            0.7767120599746704,
            0.3893919289112091
        ],
        [
            -1.7611026763916016,
            -0.11918945610523224,
            -0.7682236433029175,
            0.4645204544067383,
            0.23733824491500854,
            -0.06421063095331192,
            0.5689187049865723,
            -0.12017975002527237,
            -0.12886886298656464,
            -0.4341264069080353,
            0.012793787755072117,
            -2.1814398765563965,
            -0.36579838395118713,
            0.291195809841156,
            -0.25791895389556885,
            -0.049752768129110336,
            0.19727806746959686,
            -2.572631359100342,
            -0.0001156612706836313,
            0.7905386090278625
        ],
        [
            -0.9347727298736572,
            -0.11918945610523224,
            -0.6666674017906189,
            -2.594745397567749,
            0.2730242609977722,
            -0.17059879004955292,
            0.8377041220664978,
            -0.2102772742509842,
            -0.12886886298656464,
            -0.7216355800628662,
            -0.31085404753685,
            -0.20253729820251465,
            -0.04875707998871803,
            -0.02130254916846752,
            -0.16677671670913696,
            -0.826287567615509,
            1.6742030382156372,
            0.3520745038986206,
            -0.05881856381893158,
            0.8017226457595825
        ],
        [
            3.0936591625213623,
            -0.11918945610523224,
            1.3226929903030396,
            -0.10387957096099854,
            -0.2775675356388092,
            -0.05652524530887604,
            -0.39628514647483826,
            -1.9751757383346558,
            -0.12886886298656464,
            -1.3535795211791992,
            0.036173805594444275,
            -2.0771737098693848,
            1.8112282752990723,
            0.059920553117990494,
            -0.09113732725381851,
            -1.9589308500289917,
            3.01981258392334,
            -0.9546719789505005,
            0.7658175826072693,
            0.6291658282279968
        ],
        [
            5.004220485687256,
            -0.11918945610523224,
            2.897535562515259,
            -0.5319889187812805,
            -0.8448360562324524,
            0.26491260528564453,
            -2.0565528869628906,
            -3.3723270893096924,
            -0.12886886298656464,
            -1.3280854225158691,
            1.014033555984497,
            -3.473846435546875,
            2.82619309425354,
            0.055151283740997314,
            -0.21104010939598083,
            -1.3751606941223145,
            1.1843624114990234,
            -1.892051100730896,
            1.6262551546096802,
            0.45138242840766907
        ],
        [
            1.4314898252487183,
            -0.11918945610523224,
            0.910828173160553,
            0.008082795888185501,
            -0.756371021270752,
            -0.1658332347869873,
            -0.004320342093706131,
            -1.6097822189331055,
            -0.12886886298656464,
            -0.8271296620368958,
            -0.2963566184043884,
            -1.2949936389923096,
            1.350098967552185,
            -0.2684825360774994,
            0.17693500220775604,
            -0.49069175124168396,
            0.5585741400718689,
            -0.24615506827831268,
