{
    "mat_eigenvals": [
        -10.222848892211914,
        -10.222848892211914,
        -7.493258953094482,
        -7.157036781311035,
        -7.157036781311035,
        -5.473935604095459,
        -5.473935604095459,
        -5.092316150665283,
        -4.6492156982421875,
        -4.6492156982421875,
        -3.906446933746338,
        -3.906446933746338,
        -2.761380195617676,
        -2.761380195617676,
        -2.401618003845215,
        -2.401618003845215,
        -2.323850631713867,
        -2.2341554164886475,
        -1.3957171440124512,
        -0.4999998211860657
    ],
    "mean": [
        [
            -0.3723007142543793,
            -0.46687689423561096,
            0.4386199712753296,
            0.861864447593689,
            0.3742600679397583,
            0.3708745539188385,
            -0.5567002892494202,
            0.3900575041770935,
            0.2589694857597351,
            0.09948812425136566,
            -1.3530011177062988,
            -0.17766836285591125,
            -0.48747873306274414,
            -1.3032304048538208,
            0.07576225697994232,
            -0.28713271021842957,
            0.03786666318774223,
            -1.6115790605545044,
            0.18465973436832428,
            -0.421021044254303
        ],
        [
            -0.28282448649406433,
            -0.6109229326248169,
            -0.10064423829317093,
            0.861864447593689,
            0.6647096276283264,
            -0.12575377523899078,
            -3.6467175483703613,
            0.14514733850955963,
            0.6709868907928467,
            0.3800179064273834,
            -2.0840601921081543,
            0.021079983562231064,
            0.7248415946960449,
            -2.378286600112915,
            0.5346719026565552,
            0.4348914325237274,
            0.18713492155075073,
            -0.3376799523830414,
            -0.6249678730964661,
            -0.3685862421989441
        ],
        [
            -1.7142102718353271,
            -0.635413646697998,
            1.824803113937378,
            0.861864447593689,
            0.8022280931472778,
            1.7085040807724,
            0.7195594310760498,
            -0.22421680390834808,
            1.132607340812683,
            0.3652687668800354,
            -1.3707042932510376,
            -0.7129814624786377,
            -2.743269205093384,
            -0.7530271410942078,
            -1.160274863243103,
            -0.6775200963020325,
            0.1513625830411911,
            -3.9819509983062744,
            -1.5753769874572754,
            -0.2820279896259308
        ],
        [
            -0.5924939513206482,
            0.1277017742395401,
            0.39075422286987305,
            0.861864447593689,
            -3.0709824562072754,
            0.44757726788520813,
            -0.18425501883029938,
            0.2955174744129181,
            0.4157971441745758,
            0.5330983400344849,
            -1.0720688104629517,
            -0.20836444199085236,
            -0.20332199335098267,
            -1.3074051141738892,
            0.004885088186711073,
            0.07765429466962814,
            0.9803065061569214,
            -1.3129887580871582,
            -0.32896411418914795,
            -0.26913556456565857
        ],
        [
            -2.0627620220184326,
            -0.676365852355957,
            1.7422466278076172,
            0.861864447593689,
            0.6089431047439575,
            1.6055042743682861,
            -0.9581729769706726,
            0.7319093346595764,
            0.024160629138350487,
            0.6404711604118347,
            -1.8454207181930542,
            -0.6717615127563477,
            -2.2773375511169434,
            -1.4493181705474854,
            -1.0650978088378906,
            -3.346919059753418,
            0.3851975202560425,
            -3.492352247238159,
            0.7383138537406921,
            -0.5101384520530701
        ],
        [
            1.836283564567566,
            1.0247780084609985,
            -1.4879029989242554,
            0.861864447593689,
            -1.8185627460479736,
            -2.9811131954193115,
            -1.187077522277832,
            -0.10391998291015625,
            -0.3872125446796417,
            -3.382874011993408,
            2.5792293548583984,
            1.1637814044952393,
            2.3817286491394043,
            1.0803805589675903,
            3.1731679439544678,
            -0.1974516063928604,
            -2.073265790939331,
            1.4033676385879517,
            1.05398690700531,
            -0.246121346950531
        ],
        [
            -2.9020910263061523,
            -0.9554519057273865,
            1.8588054180145264,
            0.861864447593689,
            1.0672632455825806,
            1.731799602508545,
            -0.5189458727836609,
            0.6456741094589233,
            0.3585222065448761,
            1.2579731941223145,
            -2.9443438053131104,
            -0.7223041653633118,
            -1.9047967195510864,
            -2.743806838989258,
            -1.1818007230758667,
            0.835233211517334,
            0.7468506693840027,
            -3.10088849067688,
            0.13259415328502655,
            -0.5005350112915039
        ],
        [
            0.4237131178379059,
            -0.39624524116516113,
            -2.1428451538085938,
            0.861864447593689,
            0.31844252347946167,
            -0.28837352991104126,
            -0.26547592878341675,
            0.18812693655490875,
            0.44169384241104126,
            -0.09942536056041718,
            -1.2578462362289429,
            0.08615966141223907,
            0.5571486353874207,
            -1.429965615272522,
            0.6849406957626343,
            -0.24791961908340454,
            -0.09541242569684982,
            -0.5138906240463257,
            -0.21695572137832642,
            -0.37044042348861694
        ],
        [
            -0.9845054745674133,
            -0.8803537487983704,
            0.9726390838623047,
            0.861864447593689,
            0.9820955395698547,
            1.300023078918457,
            -0.38196390867233276,
            0.5269847512245178,
            0.4380868375301361,
            1.0647754669189453,
            -4.011782646179199,
            -0.5495091676712036,
            -1.2828038930892944,
            -5.4736433029174805,
            -0.7828178405761719,
            -0.3119916617870331,
            0.6230583786964417,
            -2.4473023414611816,
            -0.05631191283464432,
            -0.46950221061706543
        ],
        [
            -0.11146792769432068,
            -1.1322500705718994,
            0.27230340242385864,
            0.861864447593689,
            0.1863645613193512,
            0.09422224014997482,
            -0.7031329870223999,
            0.38895338773727417,
            0.2630956172943115,
            -0.23184284567832947,
            -1.9320260286331177,
            -0.0669533833861351,
            -0.2940802276134491,
            -1.7280817031860352,
            0.3314029276371002,
            -0.37187427282333374,
            -0.8660677075386047,
            -1.4083572626113892,
            0.3865988552570343,
            -0.5553733706474304
        ],
        [
            -0.5966218709945679,
            -0.49505046010017395,
            0.6703421473503113,
            0.861864447593689,
            0.4458015561103821,
            0.5944802761077881,
            -0.3433535397052765,
            -1.1369218826293945,
            0.40501171350479126,
            0.143917515873909,
            -1.355960488319397,
            -0.2671543061733246,
            -0.8645694851875305,
            -1.2112555503845215,
            -0.13086067140102386,
            -0.3523920476436615,
            0.05683928355574608,
            -2.0078234672546387,
            -0.10955789685249329,
            -0.3977862596511841
