{
    "mat_eigenvals": [
        -7.7641282081604,
        -7.728124141693115,
        -7.728124141693115,
        -6.710289001464844,
        -6.710289001464844,
        -6.4155988693237305,
        -6.393655300140381,
        -6.13810396194458,
        -6.13810396194458,
        -5.713148593902588,
        -5.632466793060303,
        -4.5934529304504395,
        -4.123916149139404,
        -2.2405989170074463,
        -2.2405989170074463,
        -1.7333275079727173,
        -1.2099531888961792,
        -0.7965145707130432,
        -0.5000002980232239,
        -0.5000002980232239
    ],
    "mean": [
        [
            -0.2911911904811859,
            -1.0287370681762695,
            0.048067979514598846,
            0.12159791588783264,
            -4.141393184661865,
            0.06580963730812073,
            0.8113258481025696,
            0.7063541412353516,
            -0.6482353806495667,
            0.05852542072534561,
            -0.9630233645439148,
            -1.8571468591690063,
            -0.16152343153953552,
            -1.3138843774795532,
            1.3501321077346802,
            -0.18864800035953522,
            0.6338794231414795,
            0.3657432794570923,
            -0.5182425379753113,
            -0.6003569960594177
        ],
        [
            -1.3692376613616943,
            -5.158289909362793,
            -1.1152700185775757,
            -0.0002982816949952394,
            -15.070717811584473,
            0.06580963730812073,
            6.092720985412598,
            1.6384823322296143,
            -1.0100011825561523,
            1.6828927993774414,
            2.538621425628662,
            -5.709655284881592,
            -0.29885992407798767,
            -5.464759349822998,
            6.2026286125183105,
            -1.8782386779785156,
            3.28893780708313,
            -0.05903336778283119,
            -0.425813227891922,
            -2.6561131477355957
        ],
        [
            -1.3899333477020264,
            -3.2875354290008545,
            0.685492217540741,
            1.567328929901123,
            -8.04394817352295,
            0.06580963730812073,
            1.4781572818756104,
            1.1631284952163696,
            -0.8255126476287842,
            -0.3234126567840576,
            -0.5209038853645325,
            -3.232769012451172,
            -0.5948852896690369,
            -5.926019668579102,
            3.326671600341797,
            -0.40197649598121643,
            2.538045644760132,
            0.5984897613525391,
            -0.22658424079418182,
            -0.2821826636791229
        ],
        [
            -0.9404667019844055,
            -3.3247079849243164,
            -0.5144569873809814,
            0.17299635708332062,
            -10.13593578338623,
            0.06580963730812073,
            3.6006920337677,
            1.218888759613037,
            -0.8471537232398987,
            0.8699182271957397,
            0.8863682150840759,
            -3.9701802730560303,
            -0.8563615083694458,
            -3.6282622814178467,
            4.201256275177002,
            -3.111424207687378,
            2.169194459915161,
            0.1603451371192932,
            -0.05060717836022377,
            -1.6403247117996216
        ],
        [
            0.9941030144691467,
            5.455081462860107,
            -2.033235788345337,
            -3.777195453643799,
            8.89301872253418,
            0.06580963730812073,
            -0.6638972163200378,
            -0.657708466053009,
            -0.11883260309696198,
            1.1848888397216797,
            -1.941118597984314,
            2.737389326095581,
            -0.1333569586277008,
            2.6511905193328857,
            -4.505604267120361,
            0.28329604864120483,
            -0.46605801582336426,
            -0.39421555399894714,
            -0.5371989607810974,
            -1.5812010765075684
        ],
        [
            -0.2911911904811859,
            -1.0287370681762695,
            0.048067979514598846,
            0.12159791588783264,
            -4.141393184661865,
            0.06580963730812073,
            0.8113258481025696,
            0.7063541412353516,
            -0.6482353806495667,
            0.05852542072534561,
            -0.9630233645439148,
            -4.166707992553711,
            -0.16152343153953552,
            -1.3138843774795532,
            1.3501321077346802,
            -0.18864800035953522,
            0.6338794231414795,
            0.3657432794570923,
            -0.5182425379753113,
            -0.6003569960594177
        ],
        [
            1.1719998121261597,
            2.8444182872772217,
            -0.6599950194358826,
            -2.7416138648986816,
            4.548144817352295,
            0.06580963730812073,
            -1.0035754442214966,
            0.3617709279060364,
            -0.5144999623298645,
            -1.287514090538025,
            -2.166330337524414,
            1.2058523893356323,
            0.2197248935699463,
            1.9604814052581787,
            -3.0489931106567383,
            0.3919637203216553,
            -1.4228397607803345,
            0.10720393061637878,
            -0.7748276591300964,
            -1.0426082611083984
        ],
        [
            0.5637139678001404,
            2.2460522651672363,
            0.9706102013587952,
            0.21826308965682983,
            4.525702476501465,
            0.06580963730812073,
            -3.37688946723938,
            -0.032835572957992554,
            -0.36135032773017883,
            -1.2296189069747925,
            1.4601612091064453,
            1.197941780090332,
            -0.05261383205652237,
            1.9778136014938354,
            -2.4979617595672607,
            1.1512192487716675,
            -1.4716160297393799,
            0.7025966644287109,
            -0.5915402770042419,
            1.0298848152160645
        ],
        [
            -0.6650657057762146,
            -4.3376851081848145,
            -0.04141656681895256,
            3.2608563899993896,
            -1.2259386777877808,
            0.06580963730812073,
            3.5732057094573975,
            1.1603174209594727,
            -0.824421763420105,
            -0.3788827955722809,
            0.8681448698043823,
            -0.8294702172279358,
            -0.8674143552780151,
            -0.20855924487113953,
            1.652869462966919,
            -1.0722112655639648,
            -0.07029654085636139,
            0.33306917548179626,
            -0.04316847026348114,
            -0.4089204967021942
        ],
        [
            -0.3085121810436249,
            -1.1820356845855713,
            0.043922312557697296,
            0.2670348584651947,
            -4.006325721740723,
            2.2942514419555664,
            0.9392794370651245,
            0.22630195319652557,
            -0.4619234800338745,
            0.038260962814092636,
            -0.8781880736351013,
            -1.8095364570617676,
            -0.19422630965709686,
            -1.2626761198043823,
            1.3641573190689087,
            -0.22958210110664368,
            0.6012560129165649,
            0.3642295300960541,
            -0.49623310565948486,
            -0.5914881229400635
        ],
        [
            -0.23536020517349243,
            -2.5164196491241455,
            0.5728374123573303,
            0.9690200686454773,
            -2.017841100692749,
            0.06580963730812073,
            1.0674283504486084,
            1.0292624235153198,
            -0.7735583782196045,
            -0.20554831624031067,
            -0.79322350025177,
            -1.1086102724075317,
            0.06021493673324585,
            -0.48295092582702637,
            2.7278897762298584,
            -0.2705787122249603,
            0.06677946448326111,
            0.557355523109436,
            -0.6674755215644836,
            -0.362631231546402
        ]
