{
    "mat_eigenvals": [
        -8.815160751342773,
        -6.712399482727051,
        -6.457004070281982,
        -6.457004070281982,
        -6.0197553634643555,
        -5.754108905792236,
        -5.754108905792236,
        -5.044451713562012,
        -4.563929080963135,
        -3.925908327102661,
        -3.430471658706665,
        -3.430471658706665,
        -3.333590030670166,
        -3.333590030670166,
        -2.9778881072998047,
        -2.4146862030029297,
        -1.965390682220459,
        -1.9592971801757812,
        -1.8496651649475098,
        -0.4999999403953552
    ],
    "mean": [
        [
            0.11735211312770844,
            0.5571572780609131,
            -0.11092060804367065,
            -0.37867212295532227,
            -3.1848855018615723,
            0.10908424854278564,
            0.8546510338783264,
            0.5583855509757996,
            -0.7709162831306458,
            0.41666558384895325,
            -0.42716169357299805,
            -0.21428430080413818,
            1.3317946195602417,
            -3.7487571239471436,
            -0.27020490169525146,
            0.2981165647506714,
            -1.7216227054595947,
            2.5757765769958496,
            -0.5708538889884949,
            0.4186474084854126
        ],
        [
            0.11735211312770844,
            0.9224138855934143,
            -0.028889097273349762,
            -0.37867212295532227,
            -2.6615703105926514,
            -2.0922534465789795,
            0.4219321310520172,
            -0.18102654814720154,
            -0.5157629251480103,
            0.49165070056915283,
            0.6882116198539734,
            0.24888044595718384,
            1.296257734298706,
            -3.2940542697906494,
            -0.27020490169525146,
            0.2092112898826599,
            -1.6778123378753662,
            2.257082223892212,
            -0.68718022108078,
            1.0180079936981201
        ],
        [
            0.11735211312770844,
            0.5845582485198975,
            -0.0007782779284752905,
            1.1813485622406006,
            -2.48223876953125,
            0.1382708102464676,
            0.8260751962661743,
            0.6106086373329163,
            -0.6628966927528381,
            0.3755432367324829,
            -0.4851920008659363,
            -0.23838172852993011,
            1.1906565427780151,
            -3.650486469268799,
            -0.27020490169525146,
            0.2604784071445465,
            -1.7030755281448364,
            2.1478710174560547,
            -0.5263176560401917,
            0.37631580233573914
        ],
        [
            0.11735211312770844,
            -1.251595377922058,
            6.449711799621582,
            -0.37867212295532227,
            -16.920372009277344,
            3.3132011890411377,
            3.022698163986206,
            -0.2514724135398865,
            -1.4575921297073364,
            -0.2580658495426178,
            -6.8701934814453125,
            -2.8897876739501953,
            4.658299446105957,
            -5.584035396575928,
            -0.27020490169525146,
            0.5373807549476624,
            -1.8395271301269531,
            10.940574645996094,
            0.35088494420051575,
            1.0751107931137085
        ],
        [
            0.11735211312770844,
            1.7181718349456787,
            -0.05104717239737511,
            -0.37867212295532227,
            -2.8029258251190186,
            0.12495008856058121,
            0.8391172289848328,
            0.5867739915847778,
            -0.7121967673301697,
            0.39431148767471313,
            -0.4587070345878601,
            1.756028413772583,
            1.2550718784332275,
            -3.6953368186950684,
            -0.27020490169525146,
            0.2776564061641693,
            -1.7115404605865479,
            2.3431665897369385,
            -1.3914605379104614,
            0.3956359624862671
        ],
        [
            0.11735211312770844,
            0.6695135831832886,
            0.3407118320465088,
            -0.37867212295532227,
            -0.30372312664985657,
            0.22876204550266266,
            0.7374769449234009,
            0.7725232839584351,
            -0.32798829674720764,
            0.24804604053497314,
            -0.6651120781898499,
            -0.31309449672698975,
            0.7530656456947327,
            -0.4716053605079651,
            -0.27020490169525146,
            0.8057620525360107,
            1.2641685009002686,
            0.8211727142333984,
            -0.3882351219654083,
            0.24506932497024536
        ],
        [
            0.11735211312770844,
            1.4012941122055054,
            0.270694762468338,
            -0.37867212295532227,
            -0.7503928542137146,
            -0.10890673846006393,
            -0.0870254635810852,
            1.592956781387329,
            1.1537970304489136,
            -0.112228624522686,
            0.02202865108847618,
            -0.027755631133913994,
            1.4602930545806885,
            -1.7341794967651367,
            -0.27020490169525146,
            -0.37252768874168396,
            -1.3911434412002563,
            1.0931907892227173,
            -0.03963363915681839,
            -0.4199664890766144
        ],
        [
            0.11735211312770844,
            1.2871294021606445,
            -0.1209072470664978,
            -0.37867212295532227,
            -3.2485945224761963,
            -0.20554569363594055,
            0.03340546041727066,
            1.3882054090499878,
            0.735093891620636,
            0.042613569647073746,
            0.21381959319114685,
            0.051886580884456635,
            -1.153075098991394,
            -2.1209816932678223,
            -0.27020490169525146,
            -0.22663535177707672,
            -1.4630361795425415,
            2.614574670791626,
            -0.20640216767787933,
            -0.25399693846702576
        ],
        [
            0.11735211312770844,
            1.070646047592163,
            -0.022196117788553238,
            -0.37867212295532227,
            -2.618872880935669,
            -0.07671918720006943,
            2.2901580333709717,
            1.1603689193725586,
            0.33307430148124695,
            -0.817778468132019,
            -0.047393832355737686,
            -0.056583698838949203,
            1.6231375932693481,
            -3.7972500324249268,
            -0.27020490169525146,
            -0.08655623346567154,
            -1.532064437866211,
            2.231079578399658,
            -0.28775250911712646,
            -0.0693148821592331
        ],
        [
            2.5164732933044434,
            1.0517088174819946,
            0.03569573536515236,
            -0.22916767001152039,
            -2.2495551109313965,
            0.2820349633693695,
            1.0972480773925781,
            0.26918816566467285,
            -0.08438533544540405,
            -0.044615257531404495,
            0.5392671227455139,
            0.18703041970729828,
            1.3600780963897705,
            -2.846383810043335,
            0.4288650155067444,
            0.18243096768856049,
            -1.0607728958129883,
            2.0061681270599365,
            -0.5239688158035278,
            0.6530680656433105
        ],
        [
            0.11735211312770844,
            0.6924197673797607,
            0.4327869117259979,
            -0.37867212295532227,
            0.28366416692733765,
            0.2531609535217285,
            0.7135885953903198,
            0.8161798715591431,
            -0.2376878261566162,
            0.2136693149805069,
            -0.713623583316803,
            -0.3332391679286957,
            0.6350792646408081,
            0.8607195019721985,
            -0.27020490169525146,
            0.11231923848390579,
            -1.6300657987594604,
            0.4634586572647095,
            -0.3510042726993561,
