{
    "mat_eigenvals": [
        -8.722408294677734,
        -7.753589153289795,
        -7.753589153289795,
        -7.250246047973633,
        -6.89371395111084,
        -5.501687049865723,
        -5.501687049865723,
        -4.12131929397583,
        -3.5930025577545166,
        -3.5930025577545166,
        -3.321594476699829,
        -3.321594476699829,
        -3.129774332046509,
        -3.129774332046509,
        -2.775878429412842,
        -1.683327078819275,
        -1.613797664642334,
        -0.5461243391036987,
        -0.5000001192092896,
        -0.5000001192092896
    ],
    "mean": [
        [
            -0.5789598226547241,
            2.991460084915161,
            -1.48820161819458,
            -2.7815327644348145,
            -0.7720425128936768,
            -2.4371843338012695,
            1.7194985151290894,
            -0.786834716796875,
            -0.4850460886955261,
            -0.7686657309532166,
            1.9014414548873901,
            1.3268678188323975,
            -0.1485517919063568,
            0.4916832447052002,
            -0.7808641195297241,
            0.45400771498680115,
            2.5453176498413086,
            0.586410403251648,
            2.5867812633514404,
            0.2114277482032776
        ],
        [
            0.24286885559558868,
            -2.322482109069824,
            0.7343372702598572,
            -1.3291560411453247,
            -3.326204538345337,
            1.820456862449646,
            1.7194985151290894,
            -0.20596171915531158,
            -0.005909809842705727,
            0.7185970544815063,
            0.7794384360313416,
            -1.9897907972335815,
            1.6178306341171265,
            1.048392415046692,
            0.5596887469291687,
            0.1648406684398651,
            2.5453176498413086,
            -0.5959724187850952,
            0.9360871911048889,
            2.3830742835998535
        ],
        [
            -1.746705174446106,
            8.775030136108398,
            -1.80722975730896,
            -3.669527292251587,
            -0.15053145587444305,
            -3.414679527282715,
            1.7194985151290894,
            -0.870214581489563,
            -0.8160168528556824,
            -0.9706840515136719,
            5.510257720947266,
            2.080200433731079,
            0.0010515098692849278,
            0.33092689514160156,
            -0.9812026619911194,
            0.5800923705101013,
            2.5453176498413086,
            0.9631403088569641,
            2.823725700378418,
            -0.5885659456253052
        ],
        [
            -0.8172643780708313,
            0.07628180086612701,
            -0.8989781141281128,
            -3.3380701541900635,
            -0.9505742788314819,
            -2.0250868797302246,
            1.7194985151290894,
            -0.6328378319740295,
            -0.28437280654907227,
            -0.38219884037971497,
            2.5390024185180664,
            0.7651579976081848,
            1.1974889039993286,
            0.387369841337204,
            0.025612972676753998,
            0.4439759850502014,
            2.5453176498413086,
            -0.3359493017196655,
            2.1491613388061523,
            2.2233633995056152
        ],
        [
            0.23499484360218048,
            -1.86405611038208,
            -0.7683664560317993,
            0.47105342149734497,
            -2.0674667358398438,
            -0.385296106338501,
            1.7194985151290894,
            -0.5987018346786499,
            -0.17604218423366547,
            -1.0226949453353882,
            -0.46256402134895325,
            -0.08168132603168488,
            -2.065779209136963,
            1.1656427383422852,
            -2.049813985824585,
            0.16386213898658752,
            2.5453176498413086,
            0.03208408132195473,
            2.052154779434204,
            1.3190069198608398
        ],
        [
            -1.3599737882614136,
            -1.2746249437332153,
            -2.178905487060547,
            -5.9024882316589355,
            0.4709564447402954,
            -4.406033992767334,
            1.7194985151290894,
            -0.9673539400100708,
            -0.7815448045730591,
            -0.5249168872833252,
            4.1697773933410645,
            2.6784138679504395,
            1.6910862922668457,
            -0.15500153601169586,
            0.43673181533813477,
            0.7324112057685852,
            2.5453176498413086,
            1.1183034181594849,
            3.099771738052368,
            -0.8513280153274536
        ],
        [
            1.685315489768982,
            0.4894944131374359,
            -1.0907047986984253,
            -2.2302498817443848,
            -1.593940019607544,
            -1.1509647369384766,
            1.7194985151290894,
            -0.6829466819763184,
            0.12190639972686768,
            -0.20145639777183533,
            1.807286024093628,
            0.25880804657936096,
            0.36715424060821533,
            0.5536450743675232,
            0.2336627095937729,
            0.299425333738327,
            2.5453176498413086,
            -0.014408925548195839,
            2.291557550430298,
            1.5181907415390015
        ],
        [
            0.48979514837265015,
            -1.7004998922348022,
            -4.2249603271484375,
            -3.989495277404785,
            -3.4569602012634277,
            0.6996685862541199,
            1.7194985151290894,
            -1.502102017402649,
            -0.21362067759037018,
            -0.3584805727005005,
            -0.03728479892015457,
            3.3498833179473877,
            -4.14618444442749,
            1.580297827720642,
            -1.8769110441207886,
            0.03568922355771065,
            2.5453176498413086,
            0.3589281439781189,
            7.843649864196777,
            1.5080496072769165
        ],
        [
            0.4941238462924957,
            4.211395740509033,
            -10.758731842041016,
            -4.394363880157471,
            -3.227226972579956,
            -1.3547455072402954,
            1.7194985151290894,
            -3.209740400314331,
            -0.7497255206108093,
            -1.0042827129364014,
            0.4659746587276459,
            5.004032611846924,
            -6.171172618865967,
            1.8241043090820312,
            -3.459993362426758,
            0.07396658509969711,
            2.5453176498413086,
            2.359368085861206,
            9.472063064575195,
            -1.395829439163208
        ],
        [
            -0.11708763241767883,
            2.365856885910034,
            -1.998314380645752,
            -2.330207109451294,
            -0.3939571678638458,
            -3.1152267456054688,
            1.7194985151290894,
            -0.9201556444168091,
            -0.43000006675720215,
            -0.058638330549001694,
            1.1140090227127075,
            2.5383288860321045,
            -1.145126461982727,
            0.48162510991096497,
            -1.3393561840057373,
            -0.8261500597000122,
            2.5453176498413086,
            0.7200260758399963,
            2.9656453132629395,
            0.0379369892179966
        ],
        [
            0.8345546126365662,
            -6.385221004486084,
            2.7358553409576416,
            0.5531359910964966,
            1.1460665464401245,
            2.2736198902130127,
            1.7194985151290894,
            0.3171462118625641,
            0.04671706631779671,
            -0.7401250004768372,
            -4.319190502166748,
            0.05169137567281723,
            -0.5566188097000122,
            -0.5456777811050415,
            1.294331431388855,
            0.6778835654258728,
            2.5453176498413086,
            -0.3581520617008209,
            -0.5504530072212219,
            1.2662601470947266
        ]
    ],