{
    "mat_eigenvals": [
        -10.276287078857422,
        -8.654465675354004,
        -8.015868186950684,
        -8.015868186950684,
        -7.6060791015625,
        -7.60344934463501,
        -7.60344934463501,
        -7.601552963256836,
        -7.214871406555176,
        -7.074177265167236,
        -6.963711261749268,
        -5.038173198699951,
        -5.038173198699951,
        -4.564342498779297,
        -2.7840678691864014,
        -2.7840678691864014,
        -2.4921555519104004,
        -2.349138021469116,
        -2.349138021469116,
        -0.5
    ],
    "mean": [
        [
            0.612869381904602,
            0.1833031177520752,
            0.11807522177696228,
            -0.3082265257835388,
            -0.15196570754051208,
            -0.24277523159980774,
            0.3681148886680603,
            -0.10874776542186737,
            -0.9653050899505615,
            0.5445774793624878,
            0.04004304111003876,
            -0.7754314541816711,
            0.4549066424369812,
            0.9151837825775146,
            -0.025468064472079277,
            -0.24155645072460175,
            0.3078615963459015,
            0.045430105179548264,
            0.0025081816129386425,
            -0.6083349585533142
        ],
        [
            0.612869381904602,
            0.1833031177520752,
            0.21939381957054138,
            -0.3793163001537323,
            -0.15196570754051208,
            -0.5669806003570557,
            -0.5023381114006042,
            -1.2307456731796265,
            -0.5235609412193298,
            1.3687841892242432,
            0.04004304111003876,
            -4.552550315856934,
            -0.09635184705257416,
            -0.6967407464981079,
            -0.025468064472079277,
            0.07038558274507523,
            0.49669456481933594,
            0.5131294131278992,
            -0.2059904783964157,
            -1.1812418699264526
        ],
        [
            0.612869381904602,
            0.1833031177520752,
            -0.36789464950561523,
            0.33412259817123413,
            -0.15196570754051208,
            1.6635404825210571,
            0.9100919961929321,
            0.09239516407251358,
            -0.3454219698905945,
            0.3968202769756317,
            0.04004304111003876,
            -1.7516037225723267,
            0.20653067529201508,
            2.5866036415100098,
            -0.025468064472079277,
            -0.5986977815628052,
            0.2740091383457184,
            -0.43953174352645874,
            -0.29007020592689514,
            -0.5056286454200745
        ],
        [
            0.612869381904602,
            0.1833031177520752,
            0.5046841502189636,
            -0.3030785918235779,
            -0.15196570754051208,
            -0.26412123441696167,
            0.083065927028656,
            -0.19666844606399536,
            -0.742553174495697,
            0.6091630458831787,
            -1.4417572021484375,
            -0.2632623314857483,
            0.43815383315086365,
            0.012125864624977112,
            -0.025468064472079277,
            -0.1563073992729187,
            0.3226587176322937,
            0.3074520230293274,
            -0.1026284322142601,
            -0.6532282829284668
        ],
        [
            0.612869381904602,
            0.1833031177520752,
            -0.5245360732078552,
            -0.5761773586273193,
            -0.15196570754051208,
            0.02215510420501232,
            4.556820869445801,
            1.2741063833236694,
            1.629104733467102,
            -0.4712510108947754,
            0.04004304111003876,
            -8.30791187286377,
            -0.04855835437774658,
            14.063332557678223,
            -0.025468064472079277,
            -2.6431126594543457,
            0.07512646168470383,
            -3.769501209259033,
            -1.2220262289047241,
            0.09776868671178818
        ],
        [
            0.612869381904602,
            0.1833031177520752,
            0.5836516618728638,
            -0.865110456943512,
            1.32814359664917,
            -0.4249822199344635,
            0.0738949179649353,
            -0.0005063240532763302,
            -1.6081215143203735,
            0.4650646448135376,
            0.04004304111003876,
            -0.2606094479560852,
            0.8236948847770691,
            -0.28404951095581055,
            -0.025468064472079277,
            0.007690232712775469,
            0.2896444797515869,
            0.3933872878551483,
            0.30591073632240295,
            -0.5530653595924377
        ],
        [
            0.612869381904602,
            0.1833031177520752,
            0.14988799393177032,
            -0.3305477499961853,
            -0.15196570754051208,
            -0.34457167983055115,
            0.09480362385511398,
            -0.4610409736633301,
            -0.8266029953956604,
            -0.8918627500534058,
            0.04004304111003876,
            -1.9613993167877197,
            0.2818183898925781,
            0.4090598225593567,
            -0.025468064472079277,
            -0.14361058175563812,
            0.36715275049209595,
            0.1922818124294281,
            -0.0629577785730362,
            -0.7882205843925476
        ],
        [
            0.612869381904602,
            0.1833031177520752,
            1.1442259550094604,
            -0.3145104646682739,
            -0.15196570754051208,
            -0.38716956973075867,
            -0.6076004505157471,
            -0.6447333693504333,
            -6.4175333976745605,
            0.9383062720298767,
            0.04004304111003876,
            0.9940400123596191,
            2.3361454010009766,
            -1.8604542016983032,
            -0.025468064472079277,
            0.06446300446987152,
            0.3980683386325836,
            0.8507803678512573,
            2.5759031772613525,
            -0.8820163011550903
        ],
        [
            0.612869381904602,
            0.1833031177520752,
            0.1873154491186142,
            -0.356808602809906,
            -0.15196570754051208,
            -0.4643343985080719,
            -0.22674502432346344,
            -0.8755112886428833,
            -0.6634209752082825,
            1.1078331470489502,
            0.04004304111003876,
            0.3339233994483948,
            0.0781814232468605,
            -0.18639126420021057,
            -0.025468064472079277,
            -0.028378011658787727,
            0.4369083046913147,
            0.3650517463684082,
            -0.13997797667980194,
            -0.999854564666748
        ],
        [
            0.612869381904602,
            0.1833031177520752,
            0.10209526121616364,
            -0.38480573892593384,
            -0.15196570754051208,
            -0.19131270051002502,
            1.3922830820083618,
            0.19492973387241364,
            -1.1116448640823364,
            0.3214995563030243,
            0.04004304111003876,
            -2.614784002304077,
            0.6158697009086609,
            4.176231861114502,
            -0.025468064472079277,
            -0.8695606589317322,
            0.25675249099731445,
            -2.149221420288086,
            0.07157892733812332,
            -0.45327314734458923
        ],
        [
            0.612869381904602,
            0.1833031177520752,
            -0.37348970770835876,
            -0.31477195024490356,
            -0.15196570754051208,
            -0.21563425660133362,
            0.7305485010147095,
            0.003041456686332822,
            -1.2485297918319702,
            0.4624584913253784,
            0.04004304111003876,
            -1.4266432523727417,
            0.4762074649333954,
            2.0634024143218994,
            -0.025468064472079277,
            -0.34994879364967346,
            0.2890474200248718,
            -0.2877250909805298,
            -2.1193771362304688,
