{
    "mat_eigenvals": [
        -10.494609832763672,
        -8.532100677490234,
        -8.479798316955566,
        -8.479798316955566,
        -8.19516372680664,
        -7.294963836669922,
        -7.294963836669922,
        -6.649149417877197,
        -5.844924449920654,
        -5.844924449920654,
        -5.152587413787842,
        -5.142557144165039,
        -5.142557144165039,
        -4.179816722869873,
        -4.179816722869873,
        -3.7412800788879395,
        -2.861193895339966,
        -2.861193895339966,
        -2.4759600162506104,
        -0.5000001788139343
    ],
    "mean": [
        [
            -0.6517575979232788,
            1.0662586688995361,
            -0.03318137302994728,
            0.4232802093029022,
            0.33201315999031067,
            -1.468801498413086,
            -2.5402321815490723,
            -0.036435917019844055,
            -1.9088155031204224,
            0.32628077268600464,
            -0.6252106428146362,
            -0.08534111082553864,
            1.0752646923065186,
            0.44386133551597595,
            0.6674200892448425,
            -0.05726957693696022,
            -1.0055598020553589,
            0.3264792561531067,
            0.25473394989967346,
            1.252342939376831
        ],
        [
            -0.6517575979232788,
            1.0662586688995361,
            -0.03318137302994728,
            0.4232802093029022,
            0.33201315999031067,
            -1.468801498413086,
            -2.5402321815490723,
            -0.036435917019844055,
            -1.9088155031204224,
            0.32628077268600464,
            -0.6252106428146362,
            -0.08534111082553864,
            1.0752646923065186,
            0.44386133551597595,
            0.6674200892448425,
            -0.05726957693696022,
            -1.815133810043335,
            0.3264792561531067,
            0.25473394989967346,
            1.252342939376831
        ],
        [
            -0.42687568068504333,
            1.7250471115112305,
            -0.17036953568458557,
            0.23340365290641785,
            0.34865906834602356,
            -1.2150845527648926,
            -2.1989340782165527,
            -0.12476199865341187,
            -1.7057578563690186,
            0.3318289816379547,
            -0.5800886750221252,
            0.045901041477918625,
            0.8024154901504517,
            0.9054322838783264,
            0.6557113528251648,
            -0.06094019487500191,
            -0.8924611806869507,
            0.27412280440330505,
            0.5314109921455383,
            1.0624362230300903
        ],
        [
            -0.6428494453430176,
            1.0632270574569702,
            0.058720752596855164,
            1.6828104257583618,
            0.5486247539520264,
            -1.4587509632110596,
            -2.526712417602539,
            0.11736015230417252,
            -1.9007717370986938,
            0.2970831096172333,
            -0.016978666186332703,
            -0.2531884014606476,
            1.4794927835464478,
            0.4258585274219513,
            0.66695636510849,
            -0.057414982467889786,
            -1.0010795593261719,
            0.3244052529335022,
            0.2656938433647156,
            1.219402551651001
        ],
        [
            -0.8061317801475525,
            1.1187951564788818,
            0.12494261562824249,
            0.519530713558197,
            0.8160226941108704,
            -1.642970085144043,
            -4.591485500335693,
            -0.3674256205558777,
            -2.0482075214385986,
            0.2506760358810425,
            -0.8885785341262817,
            0.9946609735488892,
            1.5933610200881958,
            1.0500659942626953,
            2.9551615715026855,
            0.6599193215370178,
            -1.685298204421997,
            0.5914051532745361,
            0.06480412185192108,
            2.2272260189056396
        ],
        [
            -0.6478615403175354,
            1.0649330615997314,
            0.007012485060840845,
            0.3392822742462158,
            -0.3801494240760803,
            -1.464406132698059,
            -2.5343194007873535,
            0.030827565118670464,
            -1.905297040939331,
            0.31351110339164734,
            -0.4236892759799957,
            -0.13829487562179565,
            1.0514938831329346,
            0.4359876811504364,
            0.6672173142433167,
            -0.057333167642354965,
            -1.0036003589630127,
            0.3255721628665924,
            0.259527325630188,
            1.23793625831604
        ],
        [
            -0.6661744713783264,
            1.0711650848388672,
            -0.18191558122634888,
            -0.7031450867652893,
            1.140584945678711,
            -1.4850671291351318,
            -2.56211256980896,
            -0.28533920645713806,
            -1.9218329191207886,
            0.373534232378006,
            1.5121043920516968,
            -0.8038089871406555,
            0.7091758847236633,
            0.4729970395565033,
            0.6681707501411438,
            -0.05703425407409668,
            -1.012810468673706,
            0.3298357129096985,
            0.23699648678302765,
            1.3056535720825195
        ],
        [
            4.541937351226807,
            -0.7012534141540527,
            -1.6989638805389404,
            -1.7247402667999268,
            0.7973668575286865,
            4.390847206115723,
            5.342132091522217,
            0.3518531620502472,
            2.7808406352996826,
            0.00029346623341552913,
            1.0186007022857666,
            -0.3147520124912262,
            -1.9021533727645874,
            0.4534441828727722,
            0.3970034122467041,
            -0.1420431286096573,
            1.6064757108688354,
            -0.8827019929885864,
            0.6172374486923218,
            -3.5259711742401123
        ],
        [
            3.2129790782928467,
            -2.6137847900390625,
            -3.806525945663452,
            -3.8274731636047363,
            0.3777722418308258,
            5.741532325744629,
            9.880733489990234,
            1.0116465091705322,
            7.855268955230713,
            -0.4628722667694092,
            2.2983062267303467,
            -0.19289027154445648,
            -3.593109607696533,
            -0.5514154434204102,
            0.10439971834421158,
            -0.23377200961112976,
            3.110464096069336,
            -2.1910929679870605,
            1.2589411735534668,
            -4.7488837242126465
        ],
        [
            -0.6719036102294922,
            1.0731146335601807,
            -0.012545989826321602,
            0.43584102392196655,
            0.3951770067214966,
            -1.4915305376052856,
            -2.8079237937927246,
            -0.07963049411773682,
            -1.927006483078003,
            0.3164142668247223,
            -0.6595805883407593,
            0.055600568652153015,
            1.1428768634796143,
            0.5229717493057251,
            0.9659731984138489,
            0.036324478685855865,
            -1.0942665338516235,
            1.6614735126495361,
            0.22994785010814667,
            1.3795664310455322
        ],
        [
            -5.2943115234375,
            3.868621826171875,
            2.328148365020752,
            3.858431816101074,
            0.3229311406612396,
            -10.759186744689941,
            -15.037598609924316,
            -0.5169801115989685,
            -9.344192504882812,
            0.7652864456176758,
            -3.3641698360443115,
            0.48109665513038635,
            5.985118865966797,
            -0.2620777189731598,
            1.0961618423461914,
            0.0771375447511673,
            -5.146902084350586,
            2.243617057800293,
            -0.1239527016878128,
            7.879727840423584
        ]
    ],