{
    "mat_eigenvals": [
        -9.44491958618164,
        -8.10141658782959,
        -8.10141658782959,
        -7.57295560836792,
        -7.57295560836792,
        -6.128476142883301,
        -6.128476142883301,
        -5.778676986694336,
        -4.583665370941162,
        -4.583665370941162,
        -3.9065353870391846,
        -3.9065353870391846,
        -3.273075580596924,
        -2.3025031089782715,
        -2.3025031089782715,
        -2.1535768508911133,
        -1.3455520868301392,
        -1.0956709384918213,
        -1.0956709384918213,
        -0.4999997913837433
    ],
    "mean": [
        [
            -0.64547199010849,
            -0.00379978958517313,
            1.0529885292053223,
            -1.7351258993148804,
            -0.0935889184474945,
            -0.6009669899940491,
            2.3262698650360107,
            -2.458449125289917,
            -0.6967577338218689,
            -0.17897102236747742,
            -2.010521411895752,
            -0.959614098072052,
            1.1747429370880127,
            0.2120039463043213,
            0.3038110136985779,
            0.18761146068572998,
            0.25209325551986694,
            0.40923377871513367,
            0.3269532024860382,
            -0.9566405415534973
        ],
        [
            2.011857032775879,
            1.6130894422531128,
            7.340493679046631,
            -8.580243110656738,
            -1.2392103672027588,
            -0.8290948867797852,
            6.1925482749938965,
            -9.902911186218262,
            -3.479051113128662,
            1.1496706008911133,
            -13.827566146850586,
            -4.89528226852417,
            9.297006607055664,
            3.255622386932373,
            2.051117181777954,
            2.011493682861328,
            1.285200595855713,
            0.16678835451602936,
            1.3679872751235962,
            -6.429640293121338
        ],
        [
            0.16769102215766907,
            -1.0275291204452515,
            -4.406886100769043,
            3.8296215534210205,
            0.45395901799201965,
            0.017117103561758995,
            -0.3309495449066162,
            4.318492412567139,
            2.8953208923339844,
            -1.0047940015792847,
            8.236945152282715,
            6.274001598358154,
            -5.965926170349121,
            -2.4978747367858887,
            -1.5980674028396606,
            -3.1646180152893066,
            -0.7237336039543152,
            0.89107745885849,
            0.2864515483379364,
            4.3427958488464355
        ],
        [
            -1.1331000328063965,
            1.9487402439117432,
            1.6556882858276367,
            -1.3312444686889648,
            -0.783199667930603,
            -0.26184752583503723,
            -1.0881037712097168,
            -2.767091989517212,
            -1.0923690795898438,
            0.17521201074123383,
            -1.5846076011657715,
            -2.2446224689483643,
            4.221378326416016,
            1.144809603691101,
            0.22099439799785614,
            0.7831149101257324,
            0.5553243160247803,
            0.11978317052125931,
            -0.07095986604690552,
            -1.1395233869552612
        ],
        [
            -1.2440131902694702,
            0.4908158779144287,
            2.390268325805664,
            -3.648183584213257,
            -1.0284061431884766,
            -0.6269518136978149,
            1.388421893119812,
            -3.5590603351593018,
            -1.4923924207687378,
            0.4919307827949524,
            -4.843378067016602,
            -3.219688892364502,
            5.678258895874023,
            0.6990810632705688,
            0.2705409526824951,
            1.234984040260315,
            0.7949593663215637,
            0.18059299886226654,
            -0.13908986747264862,
            -1.5905683040618896
        ],
        [
            -0.5909416675567627,
            0.17672307789325714,
            1.1744298934936523,
            -2.501741886138916,
            -0.09975328296422958,
            -0.6401189565658569,
            3.5267980098724365,
            -2.613386392593384,
            -0.723259449005127,
            0.14375165104866028,
            -2.68341064453125,
            -1.0317116975784302,
            1.2350562810897827,
            0.3011571764945984,
            0.16691148281097412,
            -0.9708389639854431,
            0.3390859365463257,
            0.2396422177553177,
            -0.1840459108352661,
            -0.9803680181503296
        ],
        [
            -1.487960934638977,
            0.006888461299240589,
            0.6100435853004456,
            -2.7905354499816895,
            -0.2756907343864441,
            0.15898890793323517,
            3.069801092147827,
            -1.7504385709762573,
            -0.9988693594932556,
            -0.17020989954471588,
            -3.358431816101074,
            -1.4836347103118896,
            2.2639434337615967,
            0.4364534020423889,
            0.5211983323097229,
            0.4304550588130951,
            -0.015379151329398155,
            -2.201875925064087,
            -0.07965702563524246,
            -1.4715837240219116
        ],
        [
            -0.0878164991736412,
            0.8374012112617493,
            1.80521821975708,
            -4.795806407928467,
            -0.055192455649375916,
            -0.9733401536941528,
            1.0654996633529663,
            -3.471644163131714,
            -0.7279614806175232,
            1.4279991388320923,
            -6.120122909545898,
            -1.137323260307312,
            1.0817856788635254,
            0.5596655011177063,
            -0.4494002163410187,
            0.26996615529060364,
            0.7727170586585999,
            0.42995601892471313,
            0.607211172580719,
            -0.9084034562110901
        ],
        [
            -0.9228940606117249,
            0.12553542852401733,
            0.9964233636856079,
            -1.9809823036193848,
            -0.26893430948257446,
            -0.1894160509109497,
            2.035316228866577,
            -2.2618067264556885,
            -0.7922813296318054,
            -0.5594221353530884,
            -2.2955102920532227,
            -1.2342064380645752,
            1.942103624343872,
            0.2999669909477234,
            0.5087986588478088,
            0.3148640990257263,
            2.164088726043701,
            0.34096330404281616,
            0.15288090705871582,
            -1.0300836563110352
        ],
        [
            -0.64547199010849,
            -0.00379978958517313,
            1.0529885292053223,
            -1.7351258993148804,
            -0.0935889184474945,
            -0.6009669899940491,
            2.3262698650360107,
            -2.458449125289917,
            -0.6967577338218689,
            -0.17897102236747742,
            3.329355001449585,
            -0.959614098072052,
            1.1747429370880127,
            0.2120039463043213,
            0.3038110136985779,
            0.18761146068572998,
            0.25209325551986694,
            0.40923377871513367,
            0.3269532024860382,
            -0.9566405415534973
        ],
        [
            -0.42071154713630676,
            -0.00665121478959918,
            1.1711581945419312,
            -1.4535623788833618,
            -0.045007526874542236,
            -0.8037092089653015,
            2.1279096603393555,
            -2.6473331451416016,
            -0.6161598563194275,
            -0.1813083440065384,
            -3.0467028617858887,
            -0.8198151588439941,
            0.8841642737388611,
            0.15212497115135193,
            0.24581609666347504,
            0.12282527983188629,
            0.3234499394893646,
            1.1058294773101807,
            2.6119625568389893,
            -0.8192633986473083
        ]
    ],