{
    "mat_eigenvals": [
        -9.420104026794434,
        -8.047703742980957,
        -7.466134071350098,
        -7.466134071350098,
        -7.450056552886963,
        -6.1360182762146,
        -6.1360182762146,
        -6.031928539276123,
        -6.031928539276123,
        -5.7723708152771,
        -5.224876403808594,
        -5.224876403808594,
        -4.104426383972168,
        -2.3642945289611816,
        -2.1697206497192383,
        -2.1697206497192383,
        -2.1606760025024414,
        -2.0736143589019775,
        -1.5433475971221924,
        -0.49999988079071045
    ],
    "mean": [
        [
            -4.139896869659424,
            -0.7666073441505432,
            0.6064574122428894,
            1.3354629278182983,
            0.2678931951522827,
            0.6849635243415833,
            1.3297369480133057,
            -2.8852572441101074,
            -2.115708351135254,
            -7.1220574378967285,
            -0.6622795462608337,
            1.762311339378357,
            0.5524173974990845,
            -0.33343908190727234,
            -0.7191781997680664,
            0.04484226182103157,
            0.9606744050979614,
            -4.450133800506592,
            -2.2178735733032227,
            0.8036510944366455
        ],
        [
            -1.4355789422988892,
            -0.321313738822937,
            0.3629550635814667,
            1.0145950317382812,
            -0.08423519134521484,
            0.42985668778419495,
            0.7201331853866577,
            -0.8739877343177795,
            -0.9421766400337219,
            -1.7573331594467163,
            -0.38305264711380005,
            0.6763919591903687,
            0.5524173974990845,
            0.5459935665130615,
            -0.3913363218307495,
            -0.6148360967636108,
            -0.19087906181812286,
            -1.5647022724151611,
            0.4287773668766022,
            0.22743208706378937
        ],
        [
            -8.015095710754395,
            -0.828111469745636,
            0.6813509464263916,
            1.4030214548110962,
            0.3177655041217804,
            0.7430858612060547,
            1.4055367708206177,
            -3.2736656665802,
            -2.476649045944214,
            -8.218768119812012,
            -0.7481608986854553,
            2.7679595947265625,
            0.5524173974990845,
            -0.46018704771995544,
            -0.788205087184906,
            0.08349772542715073,
            1.132140874862671,
            -5.20271110534668,
            -2.6342713832855225,
            0.934238851070404
        ],
        [
            -5.316046237945557,
            -0.8524631857872009,
            0.7264761328697205,
            3.208824872970581,
            0.3125867247581482,
            0.743390679359436,
            1.357132911682129,
            -3.221689462661743,
            -2.6941254138946533,
            -8.402099609375,
            -0.7999064326286316,
            2.211655616760254,
            0.5524173974990845,
            -0.40390658378601074,
            -2.6332571506500244,
            0.2129245400428772,
            1.7647238969802856,
            -5.5641045570373535,
            -2.5359046459198,
            1.1480196714401245
        ],
        [
            -5.230535507202148,
            -0.8584913015365601,
            0.7183442711830139,
            1.4363917112350464,
            0.3423997163772583,
            0.7717947959899902,
            1.442978024482727,
            -3.465517997741699,
            -2.6549341678619385,
            -8.760480880737305,
            -0.7905813455581665,
            3.2646944522857666,
            0.5524173974990845,
            -0.5227936506271362,
            -0.8223004341125488,
            0.10259139537811279,
            1.216835856437683,
            -5.5744428634643555,
            -2.839949607849121,
            0.9987421035766602
        ],
        [
            1.6328762769699097,
            -0.45564860105514526,
            -0.23769313097000122,
            0.25233155488967896,
            -0.1020754873752594,
            -2.0411150455474854,
            1.8886966705322266,
            0.48637261986732483,
            1.952579140663147,
            1.0252662897109985,
            0.30571743845939636,
            -0.3012957274913788,
            0.5524173974990845,
            0.8106370568275452,
            0.387494832277298,
            0.9886299967765808,
            0.18511514365673065,
            0.14578673243522644,
            -0.654985785484314,
            -0.37289658188819885
        ],
        [
            -4.848104000091553,
            -0.7329467535018921,
            0.7130039930343628,
            1.4477717876434326,
            0.2906702160835266,
            1.0351428985595703,
            1.2558314800262451,
            -4.638103485107422,
            -2.629197359085083,
            -8.1292142868042,
            -0.7844579219818115,
            2.015353202819824,
            0.5524173974990845,
            -0.47794634103775024,
            -0.833928108215332,
            -0.40446460247039795,
            0.9699237942695618,
            -5.013207912445068,
            -2.408672571182251,
            0.9295263290405273
        ],
        [
            10.496843338012695,
            0.9429247379302979,
            -5.853004455566406,
            -2.2899763584136963,
            -0.482869416475296,
            -0.10196481645107269,
            1.0810531377792358,
            1.5128353834152222,
            4.033731937408447,
            6.619870662689209,
            0.8009012937545776,
            -2.939079761505127,
            0.5524173974990845,
            0.47528085112571716,
            2.9850590229034424,
            0.4964129626750946,
            -1.4808164834976196,
            3.940993547439575,
            1.153368353843689,
            -1.2987309694290161
        ],
        [
            -5.124192237854004,
            -0.7167845964431763,
            0.6902979612350464,
            1.372602939605713,
            0.3278504014015198,
            0.7655317187309265,
            1.5636096000671387,
            -3.5662219524383545,
            -2.519767999649048,
            -9.036344528198242,
            -0.7584205865859985,
            2.151554822921753,
            3.244354486465454,
            -0.659429132938385,
            -0.7571253180503845,
            -0.6762501001358032,
            1.7141815423965454,
            -5.463478088378906,
            -3.205009937286377,
            1.0931788682937622
        ],
        [
            -3.760443687438965,
            0.20743469893932343,
            0.5743103623390198,
            0.9708784222602844,
            -0.06167462468147278,
            0.6557322144508362,
            1.3108022212982178,
            -2.7111523151397705,
            -1.960778832435608,
            -6.544216156005859,
            -0.6254161596298218,
            1.6126071214675903,
            0.5524173974990845,
            -0.29208269715309143,
            -0.34666940569877625,
            -0.03173812851309776,
            0.6538011431694031,
            -4.061643600463867,
            -2.0820398330688477,
            0.6880539059638977
        ],
        [
            -4.264216899871826,
            -1.0367053747177124,
            0.6136848330497742,
            1.4342421293258667,
            0.3587994873523712,
            0.685926616191864,
            1.3372578620910645,
            -2.8986270427703857,
            -2.150540351867676,
            -7.269498348236084,
            -0.6705672740936279,
            1.8072036504745483,
            0.5524173974990845,
            -0.3428497910499573,
            -0.8201042413711548,
            1.247903823852539,
            1.2924528121948242,
            -4.551881313323975,
            -2.254966974258423,
            0.8967172503471375
        ]
    ],