{
    "mat_eigenvals": [
        -11.232259750366211,
        -9.16995620727539,
        -8.345650672912598,
        -8.345650672912598,
        -8.162402153015137,
        -7.801048278808594,
        -6.273601531982422,
        -5.513607025146484,
        -5.029735088348389,
        -5.029735088348389,
        -4.370072364807129,
        -4.370072364807129,
        -3.6968886852264404,
        -3.6968886852264404,
        -2.7207436561584473,
        -1.539361834526062,
        -1.539361834526062,
        -1.2950493097305298,
        -1.2950493097305298,
        -0.5000000596046448
    ],
    "mean": [
        [
            2.7692954540252686,
            0.7199362516403198,
            -0.11286111921072006,
            2.4605703353881836,
            0.5298928618431091,
            -0.3116060793399811,
            -4.464340686798096,
            -0.4816230535507202,
            6.3738627433776855,
            -0.7601402401924133,
            2.411896228790283,
            1.2167418003082275,
            -1.834774136543274,
            -0.15265002846717834,
            -5.4113240242004395,
            0.9362185001373291,
            -2.6444616317749023,
            -2.5930981636047363,
            -0.010303964838385582,
            2.6731035709381104
        ],
        [
            2.254683256149292,
            0.858365535736084,
            -0.16292469203472137,
            1.9849709272384644,
            0.355363667011261,
            0.24916115403175354,
            -4.086836338043213,
            -1.6028738021850586,
            5.58298921585083,
            1.7058241367340088,
            1.7852190732955933,
            1.083640694618225,
            -0.5656352043151855,
            -0.04742174595594406,
            -5.056643486022949,
            1.2242439985275269,
            -2.3590340614318848,
            -2.356004476547241,
            -0.05621960759162903,
            3.0131540298461914
        ],
        [
            3.8069851398468018,
            1.0475242137908936,
            -0.2313348352909088,
            3.4738285541534424,
            0.7883813977241516,
            -0.4131677746772766,
            -6.764379024505615,
            -0.6239201426506042,
            9.571344375610352,
            -1.2067559957504272,
            3.0857350826263428,
            2.180755376815796,
            -2.5776593685150146,
            -0.37949034571647644,
            -7.6866679191589355,
            1.1673789024353027,
            -3.7317323684692383,
            -4.310304641723633,
            0.057700008153915405,
            3.5430901050567627
        ],
        [
            6.269455909729004,
            1.3661530017852783,
            -0.34656843543052673,
            4.400668621063232,
            0.6908556818962097,
            -0.3686332106590271,
            -10.072389602661133,
            -1.6594823598861694,
            13.068814277648926,
            -1.0109162330627441,
            6.270459175109863,
            2.59828519821167,
            -1.9035686254501343,
            -0.11566434055566788,
            -10.816956520080566,
            1.9787558317184448,
            -5.3083319664001465,
            -5.054053783416748,
            0.03204262629151344,
            6.174243450164795
        ],
        [
            7.756651401519775,
            0.24940496683120728,
            0.05730872601270676,
            9.4159517288208,
            1.8419190645217896,
            -0.581717312335968,
            -17.91073989868164,
            0.14471571147441864,
            22.37933349609375,
            -1.947949767112732,
            7.420187473297119,
            3.762890577316284,
            -4.821601390838623,
            0.16976946592330933,
            -22.667320251464844,
            2.711327075958252,
            -12.698227882385254,
            -7.128574371337891,
            0.33486777544021606,
            10.708662986755371
        ],
        [
            2.7692954540252686,
            0.7199362516403198,
            -0.11286111921072006,
            2.4605703353881836,
            0.5298928618431091,
            -0.3116060793399811,
            -4.464340686798096,
            -0.4816230535507202,
            6.3738627433776855,
            -0.7601402401924133,
            2.411896228790283,
            1.2167418003082275,
            -1.834774136543274,
            -0.15265002846717834,
            -5.4113240242004395,
            2.391400098800659,
            -2.6444616317749023,
            -2.5930981636047363,
            -0.010303964838385582,
            2.6731035709381104
        ],
        [
            5.4095563888549805,
            1.0264595746994019,
            -0.22371669113636017,
            3.449481725692749,
            0.7511120438575745,
            -0.29550227522850037,
            -7.910003662109375,
            -1.6924397945404053,
            10.844381332397461,
            -0.6893238425254822,
            1.8681676387786865,
            2.139270782470703,
            -1.446866750717163,
            -0.2520667612552643,
            -8.494483947753906,
            1.5292011499404907,
            -4.201797008514404,
            -4.23640775680542,
            0.04789505526423454,
            4.238239288330078
        ],
        [
            2.6260335445404053,
            2.6643872261047363,
            -0.8160808086395264,
            2.748227596282959,
            0.5370985865592957,
            -0.5088988542556763,
            -4.244129180908203,
            0.27518394589424133,
            6.28241491317749,
            -1.627731204032898,
            2.4971299171447754,
            0.8734152913093567,
            -2.2922189235687256,
            -0.11941725015640259,
            -5.866215705871582,
            0.6532186269760132,
            -1.712170124053955,
            -1.9815281629562378,
            -0.008408240973949432,
            2.067178249359131
        ],
        [
            1.3060604333877563,
            0.939397394657135,
            -0.19223028421401978,
            -1.0532811880111694,
            0.10949642211198807,
            -0.14933353662490845,
            -1.434126377105713,
            -1.6224817037582397,
            2.4575953483581543,
            -0.04654940962791443,
            0.8429656624794006,
            0.5871395468711853,
            -0.08803746849298477,
            -0.12179302424192429,
            -1.640152096748352,
            0.8422263264656067,
            -0.3759227991104126,
            -1.4715832471847534,
            -0.12090311199426651,
            1.374617338180542
        ],
        [
            3.749462604522705,
            0.6274625062942505,
            -0.07941753417253494,
            3.827514171600342,
            0.7877458333969116,
            -0.3646911680698395,
            -5.101465225219727,
            -0.35852840542793274,
            11.4568452835083,
            -0.9935808777809143,
            3.3961777687072754,
            1.7171375751495361,
            -2.42177677154541,
            -0.08928482979536057,
            -8.802652359008789,
            1.285081148147583,
            -4.620331764221191,
            -3.4844579696655273,
            0.057532794773578644,
            4.252334117889404
        ],
        [
            4.448459625244141,
            0.4541832208633423,
            -0.016750283539295197,
            3.9954867362976074,
            0.5700308084487915,
            -0.6136527061462402,
            -6.161125183105469,
            2.73691725730896,
            8.152095794677734,
            -2.0883846282958984,
            4.960445404052734,
            -2.8946661949157715,
            -4.978508472442627,
            0.09468431770801544,
            -7.293910503387451,
            0.6126139760017395,
            -3.872497797012329,
            -2.308515787124634,
            0.0002556596009526402,
            3.834818124771118
        ]
    ],