{
    "mat_eigenvals": [
        -9.20998764038086,
        -9.20998764038086,
        -7.5992817878723145,
        -7.5992817878723145,
        -6.784611701965332,
        -6.395739555358887,
        -6.395739555358887,
        -5.464426517486572,
        -5.464426517486572,
        -4.083924293518066,
        -4.008455753326416,
        -4.008455753326416,
        -3.893941640853882,
        -3.893941640853882,
        -3.1952805519104004,
        -3.1952805519104004,
        -2.8610496520996094,
        -2.2299487590789795,
        -0.5000001192092896,
        -0.5000001192092896
    ],
    "mean": [
        [
            -0.35162830352783203,
            -0.8371499180793762,
            -0.027254454791545868,
            -0.15965329110622406,
            -0.6125914454460144,
            -0.588945209980011,
            0.7493529915809631,
            0.1230001375079155,
            0.032890964299440384,
            -1.5557414293289185,
            -0.49962475895881653,
            -0.16273576021194458,
            0.4821907877922058,
            -1.02072274684906,
            0.5323185324668884,
            -0.41028857231140137,
            0.36271896958351135,
            0.23551209270954132,
            -0.07602221518754959,
            -0.2932929992675781
        ],
        [
            1.5910048484802246,
            -1.9275174140930176,
            0.519574761390686,
            -2.7433664798736572,
            -0.9621414542198181,
            -0.588945209980011,
            -2.0054922103881836,
            0.2995019257068634,
            1.7131993770599365,
            -1.2105817794799805,
            -0.03248174861073494,
            0.17158205807209015,
            0.8335741758346558,
            0.5770992636680603,
            -4.531316757202148,
            0.47824493050575256,
            -0.24729298055171967,
            -0.4639177918434143,
            -0.07602221518754959,
            -1.4241034984588623
        ],
        [
            0.520912230014801,
            -0.8409029245376587,
            1.1175023317337036,
            -0.9547634720802307,
            -0.7175021171569824,
            -0.588945209980011,
            -0.9920254945755005,
            -0.22225305438041687,
            0.6681783199310303,
            -1.2444061040878296,
            -0.07826006412506104,
            -0.1794421374797821,
            0.5140698552131653,
            2.3242299556732178,
            -1.6001516580581665,
            -0.2716781198978424,
            -0.5401016473770142,
            0.40870770812034607,
            -0.07602221518754959,
            -0.39588528871536255
        ],
        [
            -0.48174628615379333,
            -0.8413299322128296,
            -0.10064429044723511,
            -0.052532099187374115,
            -0.5934482216835022,
            -0.588945209980011,
            1.1190803050994873,
            0.16004423797130585,
            -0.05199955776333809,
            -1.6312819719314575,
            -0.6018621921539307,
            0.3328264355659485,
            -0.36539527773857117,
            -1.2351661920547485,
            0.9078555703163147,
            -0.34682497382164,
            0.6093646287918091,
            0.13639616966247559,
            -0.07602221518754959,
            0.0019204845884814858
        ],
        [
            -0.5947709083557129,
            -0.6930508613586426,
            -0.07341127842664719,
            0.3130166828632355,
            -1.4949288368225098,
            -3.074434995651245,
            0.981884241104126,
            0.27056172490119934,
            -0.32036811113357544,
            -2.9835867881774902,
            -0.46751242876052856,
            -0.20633253455162048,
            0.4347476363182068,
            -1.1555918455123901,
            0.9377346634864807,
            -1.193650245666504,
            0.32809722423553467,
            0.6437140107154846,
            -0.07602221518754959,
            -0.14061328768730164
        ],
        [
            1.9059252738952637,
            -1.6412688493728638,
            0.4791204333305359,
            -2.867143154144287,
            -0.08542100340127945,
            -0.588945209980011,
            -1.8016889095306396,
            0.42794814705848694,
            0.7881084680557251,
            -1.2011116743087769,
            -0.019664771854877472,
            -0.03759598731994629,
            0.9498530030250549,
            0.45889267325401306,
            0.6405698657035828,
            2.1468422412872314,
            0.9549723267555237,
            -0.180955171585083,
            -0.07602221518754959,
            -1.7983074188232422
        ],
        [
            2.376730442047119,
            -3.5533666610717773,
            -0.18091651797294617,
            -1.559462308883667,
            0.025553960353136063,
            -0.588945209980011,
            1.52347993850708,
            0.9244009852409363,
            0.8812447786331177,
            -1.812425136566162,
            -0.8470229506492615,
            0.8481718897819519,
            1.0516551733016968,
            -1.469719648361206,
            1.500198483467102,
            3.2281343936920166,
            1.4002761840820312,
            -0.6227579116821289,
            -0.07602221518754959,
            -2.1259236335754395
        ],
        [
            -1.6331990957260132,
            -0.19619488716125488,
            0.2082129418849945,
            1.5151894092559814,
            -0.9867663383483887,
            -0.588945209980011,
            -0.4368969202041626,
            -0.31755349040031433,
            -0.2303607016801834,
            -1.3151599168777466,
            -0.17401906847953796,
            -0.2778780460357666,
            0.13586248457431793,
            -0.33269256353378296,
            -0.5410981774330139,
            -2.2390077114105225,
            -0.555995523929596,
            0.541718602180481,
            -0.07602221518754959,
            0.8212485909461975
        ],
        [
            0.37172451615333557,
            -1.2200024127960205,
            -0.06562183797359467,
            -1.2329760789871216,
            0.24337874352931976,
            -0.588945209980011,
            0.9426422715187073,
            0.1712564378976822,
            0.4585927128791809,
            2.226963996887207,
            -0.8747236132621765,
            -0.07636527717113495,
            0.6588398814201355,
            -1.13283109664917,
            0.4902561902999878,
            0.9378215670585632,
            0.7222751975059509,
            -1.3861159086227417,
            -0.07602221518754959,
            -0.8617791533470154
        ],
        [
            1.251086711883545,
            0.03961360827088356,
            3.730010747909546,
            0.18697375059127808,
            -0.028129365295171738,
            -0.588945209980011,
            1.5715440511703491,
            -1.1973024606704712,
            -0.19287075102329254,
            -1.8079352378845215,
            -0.8409467339515686,
            -0.4947488605976105,
            0.3081704080104828,
            -1.4975969791412354,
            2.556835412979126,
            0.6869028210639954,
            0.7213152050971985,
            -0.5411227941513062,
            -0.07602221518754959,
            0.26673319935798645
        ],
        [
            -0.6758564114570618,
            -1.3338574171066284,
            -1.5455350875854492,
            -0.6646980047225952,
            -1.4528090953826904,
            -1.9577608108520508,
            -0.5456684827804565,
            0.7739019393920898,
            0.360198050737381,
            -2.0502572059631348,
            -0.08697202801704407,
            -0.7593133449554443,
            0.7390348315238953,
            -0.2696045935153961,
            -1.6141152381896973,
            -1.2871683835983276,
            -0.31070199608802795,
            0.8489163517951965,
